CASE_ID,ACCIDENT_YEAR,PROC_DATE,JURIS,COLLISION_DATE,COLLISION_TIME,OFFICER_ID,REPORTING_DISTRICT,DAY_OF_WEEK,CHP_SHIFT,POPULATION,CNTY_CITY_LOC,SPECIAL_COND,BEAT_TYPE,CHP_BEAT_TYPE,CITY_DIVISION_LAPD,CHP_BEAT_CLASS,BEAT_NUMBER,PRIMARY_RD,SECONDARY_RD,DISTANCE,DIRECTION,INTERSECTION,WEATHER_1,WEATHER_2,STATE_HWY_IND,CALTRANS_COUNTY,CALTRANS_DISTRICT,STATE_ROUTE,ROUTE_SUFFIX,POSTMILE_PREFIX,POSTMILE,LOCATION_TYPE,RAMP_INTERSECTION,SIDE_OF_HWY,TOW_AWAY,COLLISION_SEVERITY,NUMBER_KILLED,NUMBER_INJURED,PARTY_COUNT,PRIMARY_COLL_FACTOR,PCF_CODE_OF_VIOL,PCF_VIOL_CATEGORY,PCF_VIOLATION,PCF_VIOL_SUBSECTION,HIT_AND_RUN,TYPE_OF_COLLISION,MVIW,PED_ACTION,ROAD_SURFACE,ROAD_COND_1,ROAD_COND_2,LIGHTING,CONTROL_DEVICE,CHP_ROAD_TYPE,PEDESTRIAN_ACCIDENT,BICYCLE_ACCIDENT,MOTORCYCLE_ACCIDENT,TRUCK_ACCIDENT,NOT_PRIVATE_PROPERTY,ALCOHOL_INVOLVED,STWD_VEHTYPE_AT_FAULT,CHP_VEHTYPE_AT_FAULT,COUNT_SEVERE_INJ,COUNT_VISIBLE_INJ,COUNT_COMPLAINT_PAIN,COUNT_PED_KILLED,COUNT_PED_INJURED,COUNT_BICYCLIST_KILLED,COUNT_BICYCLIST_INJURED,COUNT_MC_KILLED,COUNT_MC_INJURED,PRIMARY_RAMP,SECONDARY_RAMP,LATITUDE,LONGITUDE,COUNTY,CITY,POINT_X,POINT_Y
9690980,2024,2024-05-24,3801,2024-03-12,1559,17,INGLE,2,5,7,3801,0,0,0,,0,3H11D,"MISSION ST","30TH ST",0.00,,Y,A,-,N,,,,,,,,,,N,4,0,2,3,A,-,12,21453,A,F,G,B,B,A,H,-,A,A,0,Y,Y,,,Y,,L,04,0,0,2,0,2,0,0,0,0,"- ","- ",,,"SAN FRANCISCO","SAN FRANCISCO",-122.42195892333984,37.742389678955078
9285692,2021,2021-06-30,3801,2021-05-19,1021,1920,BAYVI,3,5,7,3801,0,0,0,,0,3C12A,"OAKDALE AV","BARNAVELD AV",106.00,E,N,A,-,N,,,,,,,,,,N,3,0,1,2,A,-,07,21658,A,F,C,G,A,A,H,-,A,D,0,,Y,,,Y,Y,A,01,0,1,0,0,0,0,1,0,0,"- ","- ",,,"SAN FRANCISCO","SAN FRANCISCO",-122.40317535400391,37.741874694824219
9295683,2021,2021-07-30,3801,2021-06-11,1844,2355,TARAV,5,5,7,3801,0,0,0,,0,0I3,"SLOAT BL","45TH AV",85.00,W,N,A,-,N,,,,,,,,,,N,4,0,1,2,A,-,04,21703,,F,C,G,A,A,H,-,A,D,0,,Y,,,Y,Y,A,01,0,0,1,0,0,0,1,0,0,"- ","- ",,,"SAN FRANCISCO","SAN FRANCISCO",-122.50338745117188,37.735549926757812
9434245,2022,2022-04-19,3801,2022-03-22,2355,727,BAYVI,2,5,7,3801,0,0,0,,0,3C15E,"3RD ST","YOSEMITE AV",43.00,N,N,A,-,N,,,,,,,,,,N,3,0,1,2,A,-,12,21453,A,F,D,G,A,A,H,-,C,A,0,,Y,,,Y,,A,01,0,1,0,0,0,0,1,0,0,"- ","- ",,,"SAN FRANCISCO","SAN FRANCISCO",-122.39327239990234,37.727912902832031
9603719,2023,2023-10-03,3801,2023-07-15,0902,2289,NORTH,6,5,7,3801,0,0,0,,0,,"POLK ST","SACRAMENTO ST",0.00,,Y,B,-,N,,,,,,,,,,N,4,0,1,2,A,-,12,21453,A,N,D,G,A,A,H,-,A,A,0,,Y,,,Y,,L,04,0,0,1,0,0,0,1,0,0,"- ","- ",,,"SAN FRANCISCO","SAN FRANCISCO",-122.42086791992188,37.79150390625
9691105,2024,2024-05-14,3801,2024-03-01,1615,158,NORTH,5,5,7,3801,0,0,0,,0,3E14D,"OFARRELL ST","DIVISADERO ST",0.00,,Y,C,-,N,,,,,,,,,,N,4,0,1,2,A,-,09,21801,A,N,D,G,A,B,H,-,A,A,0,,Y,,,Y,,A,01,0,0,1,0,0,0,1,0,0,"- ","- ",,,"SAN FRANCISCO","SAN FRANCISCO",-122.43930053710938,37.782432556152344
9275084,2021,2021-07-06,3801,2021-05-07,1312,2315,MISSI,5,5,7,3801,0,0,0,,0,3D13C,"DOLORES ST","19TH ST",0.00,,Y,A,-,N,,,,,,,,,,N,2,0,1,2,A,-,03,22350,,N,D,G,A,A,H,-,A,A,0,,Y,,,Y,,L,04,1,0,0,0,0,0,1,0,0,"- ","- ",,,"SAN FRANCISCO","SAN FRANCISCO",-122.42600250244141,37.759849548339844
9314620,2021,2021-08-26,3801,2021-07-21,2118,1042,TENDE,3,5,7,3801,0,0,0,,0,3J14E,"JONES ST","MCALLISTER ST",0.00,,Y,A,-,N,,,,,,,,,,Y,3,0,1,2,A,-,08,22107,,F,D,G,A,A,H,-,C,A,0,,Y,,,Y,,A,01,0,1,0,0,0,0,1,0,0,"- ","- ",,,"SAN FRANCISCO","SAN FRANCISCO",-122.41202545166016,37.7811279296875
9391961,2021,2022-01-25,3801,2021-12-21,1005,1061,SOUTH,2,5,7,3801,0,0,0,,0,3B12A,"7TH ST","HARRISON ST",0.00,,Y,A,-,N,,,,,,,,,,N,4,0,1,2,A,-,17,21657,,N,A,G,A,A,H,-,A,A,0,,Y,,,Y,,L,04,0,0,1,0,0,0,1,0,0,"- ","- ",,,"SAN FRANCISCO","SAN FRANCISCO",-122.40628051757812,37.775539398193359
9545377,2023,2023-02-16,3801,2023-01-22,1740,426,NORTH,7,5,7,3801,0,0,0,,0,3E13D,POLK,"POST ST",3.00,S,N,A,-,N,,,,,,,,,,N,3,0,2,2,A,-,12,21453,,N,D,G,A,A,H,-,C,A,0,,Y,Y,,Y,,L,04,0,1,1,0,0,0,1,0,1,"- ","- ",,,"SAN FRANCISCO","SAN FRANCISCO",-122.41989898681641,37.786823272705078
9591074,2023,2023-07-14,3801,2023-06-10,1601,2715,NORTH,6,5,7,3801,0,0,0,,0,3E11C,"STEINER ST","PINE ST",0.00,,Y,B,-,N,,,,,,,,,,N,4,0,1,2,A,-,12,21453,A,N,D,G,A,A,H,-,A,A,0,,Y,,,Y,,L,04,0,0,1,0,0,0,1,0,0,"- ","- ",,,"SAN FRANCISCO","SAN FRANCISCO",-122.43528747558594,37.787750244140625
9293290,2021,2021-07-30,3801,2021-06-24,1845,2044,SOUTH,4,5,7,3801,0,0,0,,0,3B13D,"POST ST","STEINER ST",0.00,,Y,A,-,N,,,,,,,,,,N,3,0,1,1,C,-,18,,,N,-,A,A,A,C,-,A,D,0,,Y,,,Y,,-,"- ",0,1,0,0,0,0,1,0,0,"- ","- ",,,"SAN FRANCISCO","SAN FRANCISCO",-122.43472290039062,37.784942626953125
9314682,2021,2021-09-13,3801,2021-07-30,1827,1160,SOUTH,5,5,7,3801,0,0,0,,0,0B2,"2ND ST","CLEMENTINA ST",0.00,,Y,A,-,N,,,,,,,,,,N,4,0,1,2,A,-,03,22350,,N,D,G,A,A,H,-,A,D,0,,Y,,,Y,,L,04,0,0,1,0,0,0,1,0,0,"- ","- ",,,"SAN FRANCISCO","SAN FRANCISCO",-122.39724731445312,37.785995483398438
9347438,2021,2021-11-08,3801,2021-09-05,2148,1987,TARAV,7,5,7,3801,0,0,0,,0,,"JUDAH ST","24TH AV",0.00,,Y,A,-,N,,,,,,,,,,N,4,0,1,3,A,-,01,21200,5,N,B,G,A,A,H,-,C,D,0,,Y,,,Y,Y,L,04,0,0,1,0,0,0,1,0,0,"- ","- ",,,"SAN FRANCISCO","SAN FRANCISCO",-122.48236846923828,37.761470794677734
9505975,2022,2022-11-14,3801,2022-10-14,1804,2231,SOUTH,5,5,7,3801,0,0,0,,0,3B12D,"3RD ST","TOWNSEND ST",0.00,N,N,A,-,N,,,,,,,,,,N,4,0,1,2,A,-,00,21655,1,N,B,G,A,A,H,-,A,A,0,,Y,,,Y,Y,A,01,0,0,1,0,0,0,1,0,0,"- ","- ",,,"SAN FRANCISCO","SAN FRANCISCO",-122.39275360107422,37.778858184814453
9362847,2021,2021-12-01,3801,2021-10-03,1436,4274,RICHM,7,5,7,3801,0,0,0,,0,0G1,"JOHN F KENNEDY DR","MARX MEADOW DR",0.00,,Y,A,-,N,,,,,,,,,,N,4,0,1,2,D,-,00,,,N,D,G,A,A,H,-,A,D,0,,Y,,,Y,,-,"- ",0,0,1,0,0,0,1,0,0,"- ","- ",,,"SAN FRANCISCO","SAN FRANCISCO",,
9531447,2022,2022-11-23,3801,2022-10-27,0915,1118,SOUTH,4,5,7,3801,0,0,0,,0,3B14A,"TERRY A FRANCOIS BL","PIERPOINT LN",0.00,,Y,A,-,N,,,,,,,,,,N,3,0,1,2,A,-,08,22107,,N,D,-,A,A,-,-,A,D,0,,Y,,,Y,,A,07,0,1,0,0,0,0,1,0,0,"- ","- ",,,"SAN FRANCISCO","SAN FRANCISCO",-122.38639831542969,37.769966125488281
9573300,2023,2023-05-13,3801,2023-04-11,0905,1442,NORTH,2,5,7,3801,0,0,0,,0,3E15A,"GROVE ST","POLK ST",85.00,E,N,A,-,N,,,,,,,,,,N,4,0,1,2,A,-,17,22517,,N,H,G,A,B,H,-,A,A,0,,Y,,,Y,,A,07,0,0,1,0,0,0,1,0,0,"- ","- ",,,"SAN FRANCISCO","SAN FRANCISCO",-122.41793060302734,37.778507232666016
9650278,2023,2024-02-13,3801,2023-12-03,1056,2195,NORTH,7,5,7,3801,0,0,0,,0,003,"GROVE ST","POLK ST",0.00,,Y,A,-,N,,,,,,,,,,N,2,0,1,2,A,-,08,22107,,F,D,G,A,A,H,-,A,D,0,,Y,,,Y,,A,01,1,0,0,0,0,0,1,0,0,"- ","- ",,,"SAN FRANCISCO","SAN FRANCISCO",-122.41822052001953,37.778480529785156
9705104,2024,2024-07-18,3801,2024-05-22,1339,324,TENDE,3,5,7,3801,0,0,0,,0,3J92C,"LEAVENWORTH ST","MCALLISTER ST",0.00,,Y,A,-,N,,,,,,,,,,N,3,0,1,2,A,-,05,21650,1,N,B,G,A,A,H,-,A,A,0,,Y,,,Y,,L,04,0,1,0,0,0,0,1,0,0,"- ","- ",,,"SAN FRANCISCO","SAN FRANCISCO",-122.41368865966797,37.780929565429688
9370086,2021,2021-12-23,3801,2021-10-18,1513,570,MISSI,1,5,7,3801,0,0,0,,0,3D42C,"24TH ST","NOE ST",102.00,E,N,A,-,N,,,,,,,,,,N,3,0,1,2,A,-,17,22517,,N,B,G,A,A,H,-,A,D,0,,Y,,,Y,,A,01,0,1,0,0,0,0,1,0,0,"- ","- ",,,"SAN FRANCISCO","SAN FRANCISCO",-122.4315185546875,37.751449584960938
9410078,2022,2022-03-11,3801,2022-01-22,1637,1039,MISSI,6,5,7,3801,0,0,0,,0,,"DOLORES ST","CHULA LN",36.00,S,N,A,-,N,,,,,,,,,,,3,0,1,2,D,-,00,,,N,B,G,A,A,H,-,A,D,0,,Y,,,Y,,-,"- ",0,1,0,0,0,0,1,0,0,"- ","- ",,,"SAN FRANCISCO","SAN FRANCISCO",-122.42636871337891,37.763839721679688
9468694,2023,2023-09-14,3801,2023-08-11,0920,4798,NORTH,5,5,7,3801,0,0,0,,0,3E00,"LAWTON ST","7TH AV",60.00,S,N,-,-,N,,,,,,,,,,N,3,0,1,2,A,-,08,22100,,N,B,G,A,A,H,-,A,A,0,,Y,,,Y,,A,01,0,1,0,0,0,0,1,0,0,"- ","- ",,,"SAN FRANCISCO","SAN FRANCISCO",-122.46382904052734,37.758541107177734
9659754,2024,2024-03-19,3801,2024-01-29,1527,2704,SOUTH,1,5,7,3801,0,0,0,,0,3B2,"FOLSOM ST","3RD ST",0.00,,Y,A,-,N,,,,,,,,,,N,3,0,1,3,A,-,08,22107,,F,B,G,A,A,H,-,A,A,0,,Y,,,Y,,A,01,0,1,0,0,0,0,1,0,0,"- ","- ",,,"SAN FRANCISCO","SAN FRANCISCO",-122.39896392822266,37.783782958984375
9677669,2024,2024-05-31,3801,2024-03-27,1004,1669,TENDE,3,5,7,3801,0,0,0,,0,3J97C,"MARKET ST","MASON ST",0.00,,Y,A,-,N,,,,,,,,,,N,3,0,1,1,A,-,03,22350,,N,H,G,A,A,A,-,A,A,0,,Y,,,Y,,L,04,0,1,0,0,0,0,1,0,0,"- ","- ",,,"SAN FRANCISCO","SAN FRANCISCO",-122.40908050537109,37.783233642578125
9342076,2021,2021-10-22,3801,2021-09-19,2001,540,TARAV,7,5,7,3801,0,0,0,,0,0I3,"41ST AV","NORIEGA ST",59.00,S,N,A,-,N,,,,,,,,,,N,4,0,1,2,D,-,00,,,F,A,G,A,A,B,C,C,A,0,,Y,,,Y,Y,-,"- ",0,0,1,0,0,0,1,0,0,"- ","- ",,,"SAN FRANCISCO","SAN FRANCISCO",-122.50001525878906,37.753036499023438
9348886,2022,2022-10-31,3801,2022-05-14,1449,4253,INGLE,6,5,7,3801,0,0,0,,0,0H6,"BAYSHORE BL","SUNNYDALE AV",180.00,S,N,A,-,N,,,,,,,,,,N,3,0,1,2,A,-,17,21235,G,N,D,G,A,A,H,-,A,D,0,,Y,,,Y,,L,04,0,1,0,0,0,0,1,0,0,"- ","- ",,,"SAN FRANCISCO","SAN FRANCISCO",-122.40542602539062,37.708431243896484
9481492,2022,2022-08-08,3801,2022-07-09,1846,4023,MISSI,6,5,7,3801,0,0,0,,0,,"DOLORES ST","19TH ST",0.00,,Y,B,-,N,,,,,,,,,,,3,0,1,2,A,-,03,22350,,N,B,G,A,A,G,-,A,D,0,,Y,,,Y,,L,04,0,1,0,0,0,0,1,0,0,"- ","- ",,,"SAN FRANCISCO","SAN FRANCISCO",-122.42600250244141,37.759849548339844
9545543,2023,2023-02-24,3801,2023-01-12,1903,1068,SOUTH,4,5,7,3801,0,0,0,,0,3B12D,"NORFOLK ST","HARRISON ST",35.00,N,N,A,-,N,,,,,,,,,,N,4,0,1,3,A,-,17,22517,,N,B,G,A,A,H,-,C,D,0,,Y,,,Y,,-,,0,0,1,0,0,0,1,0,0,"- ","- ",,,"SAN FRANCISCO","SAN FRANCISCO",-122.41287994384766,37.770458221435547
9634259,2023,2023-11-13,3801,2023-09-27,1206,4265,INGLE,3,5,7,3801,0,0,0,,0,3H13A,"MISSION ST","EXCELSIOR AV",0.00,,Y,A,-,N,,,,,,,,,,N,3,0,1,2,A,-,09,21801,B,N,D,-,A,A,H,-,A,A,0,,Y,,,Y,,L,04,0,1,0,0,0,0,1,0,0,"- ","- ",,,"SAN FRANCISCO","SAN FRANCISCO",-122.43363952636719,37.726234436035156
9543532,2022,2023-01-11,3801,2022-10-01,1648,2431,RICHM,6,5,7,3801,0,0,0,,0,3G3D,"JOHN F KENNEDY DR","10TH AV",425.00,W,N,A,-,N,,,,,,,,,,N,3,0,1,2,A,-,03,22350,,N,C,B,E,A,H,-,A,D,0,Y,Y,,,Y,,L,04,0,1,0,0,1,0,0,0,0,"- ","- ",,,"SAN FRANCISCO","SAN FRANCISCO",-122.46802520751953,37.772590637207031
9561312,2023,2023-04-28,3801,2023-03-23,2041,158,NORTH,4,5,7,3801,0,0,0,,0,3E14D,"POLK ST","PINE ST",0.00,,Y,A,-,N,,,,,,,,,,N,4,0,1,2,A,-,08,22107,,N,B,G,A,A,H,-,C,A,0,,Y,,,Y,,A,01,0,0,1,0,0,0,1,0,0,"- ","- ",,,"SAN FRANCISCO","SAN FRANCISCO",-122.42050170898438,37.789642333984375
9677021,2024,2024-05-30,3801,2024-04-02,0816,2202,INGLE,2,5,7,3801,0,0,0,,0,3H2A,"TIFFANY AV","29TH ST",44.00,N,N,A,-,N,,,,,,,,,,N,3,0,2,2,A,-,17,22517,,N,E,G,A,A,H,-,A,D,0,,Y,,,Y,,A,01,0,1,1,0,0,0,2,0,0,"- ","- ",,,"SAN FRANCISCO","SAN FRANCISCO",-122.42192077636719,37.744075775146484
9347335,2021,2021-10-28,3801,2021-09-28,1516,397,BAYVI,2,5,7,3801,0,0,0,,0,3C11D,"CESAR CHAVEZ ST","RT 280",0.00,,Y,A,-,N,,,,,,,,,,N,3,0,1,2,A,-,05,21651,B,N,A,G,A,A,H,-,A,A,0,,Y,,,Y,,L,04,0,1,0,0,0,0,1,0,0,"- ",NF,,,"SAN FRANCISCO","SAN FRANCISCO",-122.39228820800781,37.750057220458984
9434292,2022,2022-04-19,3801,2022-03-14,0823,1637,MISSI,1,5,7,3801,0,0,0,,0,3D15C,"15TH ST","DOLORES ST",30.00,W,N,A,-,N,,,,,,,,,,N,4,0,1,2,A,-,06,21750,A,M,B,G,A,-,H,-,A,A,0,,Y,,,Y,,-,,0,0,1,0,0,0,1,0,0,"- ","- ",,,"SAN FRANCISCO","SAN FRANCISCO",-122.42670440673828,37.766254425048828
9591718,2023,2023-07-13,3801,2023-06-29,1108,1131,BAYVI,4,5,7,3801,0,0,0,,0,,"18TH ST",MINNESOTA,0.00,,Y,B,-,N,,,,,,,,,,N,4,0,1,1,A,-,03,22350,,N,H,J,A,A,H,-,A,A,0,,Y,,,Y,,L,04,0,0,1,0,0,0,1,0,0,"- ","- ",,,"SAN FRANCISCO","SAN FRANCISCO",-122.39070892333984,37.762928009033203
9633716,2023,2023-11-13,3801,2023-10-16,1749,564,NORTH,1,5,7,3801,0,0,0,,0,3E12D,"WEBSTER ST","FULTON ST",0.00,,Y,A,-,N,,,,,,,,,,N,4,0,1,2,A,-,08,22100,A,F,D,G,A,A,H,-,A,A,0,,Y,,,Y,,A,01,0,0,1,0,0,0,1,0,0,"- ","- ",,,"SAN FRANCISCO","SAN FRANCISCO",-122.42990875244141,37.777912139892578
9468639,2023,2023-09-08,3801,2023-08-23,1502,319,CENTR,3,5,7,3801,0,0,0,,0,3A12D,"2ND ST","BRYANT ST",0.00,,Y,A,-,N,,,,,,,,,,N,3,0,1,2,A,-,03,22350,,N,B,G,A,A,H,-,A,-,0,,Y,,,Y,,A,01,0,1,0,0,0,0,1,0,0,"- ","- ",,,"SAN FRANCISCO","SAN FRANCISCO",-122.39363098144531,37.7830810546875
9505808,2022,2022-11-16,3801,2022-10-12,1915,1435,TRAFF,3,5,7,3801,0,0,0,,0,4B4C,"SCOTT ST","MARINA BL",29.00,S,N,A,-,N,,,,,,,,,,N,2,0,1,2,A,-,06,21755,A,N,D,G,A,A,H,-,C,A,0,,Y,,,Y,,L,04,1,0,0,0,0,0,1,0,0,"- ","- ",,,"SAN FRANCISCO","SAN FRANCISCO",-122.4422607421875,37.805702209472656
9542784,2022,2023-01-13,3801,2022-11-11,1847,4178,SOUTH,5,5,7,3801,0,0,0,,0,4B3A,"HOWARD ST","2ND ST",0.00,,Y,A,-,N,,,,,,,,,,N,2,0,1,2,A,-,12,21453,A,N,D,G,A,A,H,-,C,A,0,,Y,,Y,Y,,L,04,1,0,0,0,0,0,1,0,0,"- ","- ",,,"SAN FRANCISCO","SAN FRANCISCO",-122.39824676513672,37.786788940429688
9670597,2024,2024-03-18,3801,2024-01-11,1844,2231,SOUTH,4,5,7,3801,0,0,0,,0,3B12D,"HARRISON ST","47TH ST",0.00,,Y,A,-,N,,,,,,,,,,N,4,0,1,2,A,-,07,21658,A,N,D,G,A,A,H,-,C,A,0,,Y,,,Y,,L,04,0,0,1,0,0,0,1,0,0,"- ","- ",,,"SAN FRANCISCO","SAN FRANCISCO",,
9703984,2024,2024-07-01,3801,2024-05-02,1622,359,TARAV,4,5,7,3801,0,0,0,,0,3I2D,"WAWONA ST","19TH AV",0.00,,Y,A,-,N,,,,,,,,,,N,4,0,1,2,A,-,17,21200,,N,D,G,A,A,H,-,A,A,0,,Y,,,Y,,L,04,0,0,1,0,0,0,1,0,0,"- ","- ",,,"SAN FRANCISCO","SAN FRANCISCO",-122.47529602050781,37.737457275390625
9262737,2021,2021-05-11,3801,2021-04-02,1728,1544,CENTR,5,5,7,3801,0,0,0,,0,3A14D,"EMBARCADERO NORTH","BRADFORD ST",0.00,,Y,A,-,N,,,,,,,,,,N,4,0,1,2,A,-,08,22107,,N,D,G,A,A,-,-,A,A,0,,Y,,,Y,,A,01,0,0,1,0,0,0,1,0,0,"- ","- ",,,"SAN FRANCISCO","SAN FRANCISCO",,
9375727,2021,2022-03-16,3801,2021-11-12,2109,2498,SOUTH,5,5,7,3801,0,0,0,,0,3B12E,"9TH ST","BRANNAN ST",0.00,,Y,A,-,N,,,,,,,,,,Y,2,0,1,2,A,-,09,21801,A,F,A,G,A,A,H,-,C,A,0,,Y,,,Y,,-,99,1,0,0,0,0,0,1,0,0,"- ","- ",,,"SAN FRANCISCO","SAN FRANCISCO",-122.40699005126953,37.770057678222656
9509995,2022,2022-12-16,3801,2022-11-15,1853,4187,NORTH,2,5,7,3801,0,0,0,,0,3E11D,"SCOTT ST","OAK ST",5.00,S,N,A,-,N,,,,,,,,,,N,3,0,1,2,A,-,08,22107,,N,B,G,A,A,H,-,C,A,0,,Y,,,Y,,L,04,0,1,0,0,0,0,1,0,0,"- ","- ",,,"SAN FRANCISCO","SAN FRANCISCO",-122.43576812744141,37.7733154296875
9554143,2023,2023-03-25,3801,2023-02-18,1521,1860,TARAV,6,5,7,3801,0,0,0,,0,3I11D,"20TH AV","IRVING ST",27.00,S,N,A,-,N,,,,,,,,,,N,4,0,1,2,A,-,08,22103,,N,D,G,A,A,H,-,A,D,0,,Y,,,Y,,A,01,0,0,1,0,0,0,1,0,0,"- ","- ",,,"SAN FRANCISCO","SAN FRANCISCO",-122.47820281982422,37.763435363769531
9626357,2023,2023-10-17,3801,2023-09-06,1823,AIELLO,RICHM,3,5,7,3801,0,0,0,,0,2G12D,"ARGUELLO BL","ANZA ST",0.00,,Y,A,-,N,,,,,,,,,,N,3,0,1,2,A,-,09,21801,,N,D,G,A,A,-,-,A,A,0,,Y,,,Y,,M,94,0,1,0,0,0,0,1,0,0,"- ","- ",,,"SAN FRANCISCO","SAN FRANCISCO",-122.45875549316406,37.779354095458984
9363626,2021,2021-12-01,3801,2021-10-18,1040,1217,MISSI,1,5,7,3801,0,0,0,,0,"4 CAR","VALENCIA ST","26TH ST",0.00,,Y,A,-,N,,,,,,,,,,N,3,0,1,2,D,-,00,,,N,B,G,A,A,H,-,A,A,0,,Y,,,Y,,-,"- ",0,1,0,0,0,0,1,0,0,"- ","- ",,,"SAN FRANCISCO","SAN FRANCISCO",-122.42034912109375,37.748905181884766
91459240,2021,2021-04-27,9350,2021-04-20,1141,022445,,2,1,7,3801,0,1,2,,1,120,"US-101 N/B (GGB EAST SIDEWALK)","GGB SOUTH TOWER",800.00,S,N,A,-,N,,,101,,,,,,N,N,4,0,1,2,B,-,22,,,N,B,G,A,A,H,-,A,D,0,,Y,,,Y,,L,04,0,0,1,0,0,0,1,0,0,"- ","- ",37.811740875244141,-122.47721099853516,"SAN FRANCISCO","SAN FRANCISCO",-122.47765350341797,37.811683654785156
91872295,2022,2022-09-23,9350,2022-09-20,1720,021696,,2,2,7,3801,0,1,2,,1,120,"US-101 N/B (GGB EAST SIDEWALK)","GOLDEN GATE BRIDGE SOUTH TOWER",40.00,S,N,A,-,Y,,,,,,,,,,N,2,0,1,1,A,-,21,22106,,N,E,A,A,A,H,-,A,D,0,,Y,,,Y,,L,04,1,0,0,0,0,0,1,0,0,"- ","- ",37.813980102539062,-122.47775268554688,"SAN FRANCISCO","SAN FRANCISCO",-122.47794342041016,37.813953399658203
9223609,2021,2021-03-23,3801,2021-01-17,0935,2368,NORTH,7,5,7,3801,0,0,0,,0,3E14A,"CLAY ST","DIVISADERO ST",0.00,,Y,A,-,N,,,,,,,,,,N,4,0,1,2,A,-,12,22450,A,N,D,G,A,A,H,-,A,A,0,,Y,,,Y,,A,01,0,0,1,0,0,0,1,0,0,"- ","- ",,,"SAN FRANCISCO","SAN FRANCISCO",-122.44081115722656,37.789867401123047
9223611,2021,2021-03-23,3801,2021-01-16,1829,2740,MISSI,6,5,7,3801,0,0,0,,0,0D5,"18TH ST","LEXINGTON ST",20.00,E,N,A,-,N,,,,,,,,,,N,3,0,1,1,A,-,03,22350,,N,H,-,A,A,-,-,C,-,0,,Y,,,Y,,L,04,0,1,0,0,0,0,1,0,0,"- ","- ",,,"SAN FRANCISCO","SAN FRANCISCO",-122.42070770263672,37.761753082275391
9223620,2021,2021-03-23,3801,2021-01-19,0930,1945,CENTR,2,5,7,3801,0,0,0,,0,3A15A,"BATTERY ST","BUSH ST",0.00,,Y,A,-,N,,,,,,,,,,N,3,0,1,2,A,-,12,21453,A,N,D,G,A,A,H,-,A,A,0,,Y,,,Y,,A,07,0,1,0,0,0,0,1,0,0,"- ","- ",,,"SAN FRANCISCO","SAN FRANCISCO",-122.39959716796875,37.791351318359375
9223767,2021,2021-03-20,3801,2021-01-28,1327,2175,NORTH,4,5,7,3801,0,0,0,,0,3E13C,"FRANCISCO ST","VAN NESS AV",0.00,,Y,B,-,N,,,,,,,,,,N,4,0,1,2,A,-,08,22107,,N,D,G,A,B,H,-,A,A,0,,Y,,,Y,,A,01,0,0,1,0,0,0,1,0,0,"- ","- ",,,"SAN FRANCISCO","SAN FRANCISCO",-122.42496490478516,37.803203582763672
9223784,2021,2021-03-23,3801,2021-01-09,1510,,NORTH,6,5,7,3801,0,0,0,,0,3E3D,"POLK ST","PACIFIC AV",0.00,,Y,A,-,N,,,,,,,,,,,4,0,1,2,A,-,09,21804,A,N,B,G,A,A,H,-,A,-,0,,Y,,,Y,,A,01,0,0,1,0,0,0,1,0,0,"- ","- ",,,"SAN FRANCISCO","SAN FRANCISCO",-122.42158508300781,37.795032501220703
9223807,2021,2021-03-22,3801,2021-01-01,1643,2379,INGLE,5,5,7,3801,0,0,0,,0,3H15D,"OCEAN AV","FRIDA KAHLO WY",0.00,,Y,A,-,N,,,,,,,,,,N,4,0,1,1,C,-,18,,,N,H,G,A,A,H,-,A,A,0,,Y,,,Y,,-,"- ",0,0,1,0,0,0,1,0,0,"- ","- ",,,"SAN FRANCISCO","SAN FRANCISCO",-122.45233154296875,37.723068237304688
9223813,2021,2021-03-23,3801,2021-01-03,2110,2023,PARK,7,5,7,3801,0,0,0,,0,003,"MASONIC AV","FELL ST",0.00,,Y,B,-,N,,,,,,,,,,N,3,0,1,2,-,-,"- ",,A,N,D,G,A,A,H,-,C,A,0,,Y,,,Y,,L,04,0,1,0,0,0,0,1,0,0,"- ","- ",,,"SAN FRANCISCO","SAN FRANCISCO",-122.44591522216797,37.772983551025391
9223895,2021,2021-06-02,3801,2021-01-25,1138,A10096,PARK,1,5,7,3801,0,0,0,,0,3F44C,"17TH ST","ROOSEVELT WY",0.00,,Y,A,-,N,,,,,,,,,,N,3,0,1,2,A,-,08,22107,,N,G,G,A,A,H,-,A,A,0,,Y,,,Y,,A,01,0,1,0,0,0,0,1,0,0,"- ","- ",,,"SAN FRANCISCO","SAN FRANCISCO",-122.44530487060547,37.761867523193359
9223916,2021,2021-03-22,3801,2021-01-23,2003,2200,NORTH,6,5,7,3801,0,0,0,,0,002,"VAN NESS AV","BROADWAY ST",0.00,,Y,A,-,N,,,,,,,,,,N,3,0,1,2,A,-,09,21801,A,N,D,G,A,A,H,-,C,A,0,,Y,,,Y,,A,07,0,1,0,0,0,0,1,0,0,"- ","- ",,,"SAN FRANCISCO","SAN FRANCISCO",-122.42332458496094,37.795753479003906