CASE_ID,ACCIDENT_YEAR,PROC_DATE,JURIS,COLLISION_DATE,COLLISION_TIME,OFFICER_ID,REPORTING_DISTRICT,DAY_OF_WEEK,CHP_SHIFT,POPULATION,CNTY_CITY_LOC,SPECIAL_COND,BEAT_TYPE,CHP_BEAT_TYPE,CITY_DIVISION_LAPD,CHP_BEAT_CLASS,BEAT_NUMBER,PRIMARY_RD,SECONDARY_RD,DISTANCE,DIRECTION,INTERSECTION,WEATHER_1,WEATHER_2,STATE_HWY_IND,CALTRANS_COUNTY,CALTRANS_DISTRICT,STATE_ROUTE,ROUTE_SUFFIX,POSTMILE_PREFIX,POSTMILE,LOCATION_TYPE,RAMP_INTERSECTION,SIDE_OF_HWY,TOW_AWAY,COLLISION_SEVERITY,NUMBER_KILLED,NUMBER_INJURED,PARTY_COUNT,PRIMARY_COLL_FACTOR,PCF_CODE_OF_VIOL,PCF_VIOL_CATEGORY,PCF_VIOLATION,PCF_VIOL_SUBSECTION,HIT_AND_RUN,TYPE_OF_COLLISION,MVIW,PED_ACTION,ROAD_SURFACE,ROAD_COND_1,ROAD_COND_2,LIGHTING,CONTROL_DEVICE,CHP_ROAD_TYPE,PEDESTRIAN_ACCIDENT,BICYCLE_ACCIDENT,MOTORCYCLE_ACCIDENT,TRUCK_ACCIDENT,NOT_PRIVATE_PROPERTY,ALCOHOL_INVOLVED,STWD_VEHTYPE_AT_FAULT,CHP_VEHTYPE_AT_FAULT,COUNT_SEVERE_INJ,COUNT_VISIBLE_INJ,COUNT_COMPLAINT_PAIN,COUNT_PED_KILLED,COUNT_PED_INJURED,COUNT_BICYCLIST_KILLED,COUNT_BICYCLIST_INJURED,COUNT_MC_KILLED,COUNT_MC_INJURED,PRIMARY_RAMP,SECONDARY_RAMP,LATITUDE,LONGITUDE,COUNTY,CITY,POINT_X,POINT_Y
9224041,2021,2021-03-17,3801,2021-01-20,1521,2419,RICHM,3,5,7,3801,0,0,0,,0,901,"CLAY ST","ARGUELLO BL",363.00,E,N,A,-,N,,,,,,,,,,N,3,0,1,2,A,-,03,22350,,N,B,G,A,A,H,-,A,D,0,,Y,,,Y,,L,04,0,1,0,0,0,0,1,0,0,"- ","- ",,,"SAN FRANCISCO","SAN FRANCISCO",-122.45809173583984,37.787666320800781
9224060,2021,2021-03-23,3801,2021-01-06,1745,2490,NORTH,3,5,7,3801,0,0,0,,0,8E15D,"STEINER ST","PACIFIC ST",34.00,N,N,A,-,N,,,,,,,,,,N,4,0,1,1,A,-,03,22350,,N,H,A,A,A,H,-,C,A,0,,Y,,,Y,,L,04,0,0,1,0,0,0,1,0,0,"- ","- ",,,"SAN FRANCISCO","SAN FRANCISCO",-122.4364013671875,37.793231964111328
9224067,2021,2021-03-30,3801,2021-01-28,1715,2400,SOUTH,4,5,7,3801,0,0,0,,0,,"11TH ST","13TH ST",231.00,N,N,B,-,N,,,,,,,,,,N,3,0,1,2,A,-,08,22107,,N,B,G,A,B,G,H,B,D,0,,Y,,,Y,,-,"- ",0,1,0,0,0,0,1,0,0,"- ","- ",,,"SAN FRANCISCO","SAN FRANCISCO",-122.41139221191406,37.769763946533203
9227530,2021,2021-04-12,3801,2021-02-01,1135,2375,RICHM,1,5,7,3801,0,0,0,,0,3G60,"MARTIN LUTHER KING JR DR","MIDDLE WEST DR",183.00,W,N,A,-,N,,,,,,,,,,Y,3,0,1,2,A,-,04,21703,,F,C,G,A,A,H,-,A,D,0,,Y,,,Y,,A,01,0,1,0,0,0,0,1,0,0,"- ","- ",,,"SAN FRANCISCO","SAN FRANCISCO",-122.49885559082031,37.764968872070312
9227537,2021,2021-04-12,3801,2021-02-04,1341,207,CENTR,4,5,7,3801,0,0,0,,0,3A15C,"MARKET ST","BATTERY ST",5.00,E,N,A,-,N,,,,,,,,,,N,4,0,1,2,A,-,11,21954,A,N,D,B,D,A,H,-,A,D,0,Y,Y,,,Y,,N,60,0,0,1,0,0,0,1,0,0,"- ","- ",,,"SAN FRANCISCO","SAN FRANCISCO",-122.39949798583984,37.790779113769531
9227557,2021,2021-04-13,3801,2021-02-24,1430,283,MISSO,3,5,7,3801,0,0,0,,0,0D2,"GUERRERO ST","25TH ST",118.00,N,N,A,-,N,,,,,,,,,,N,4,0,1,2,-,-,"- ",,,N,B,G,A,A,H,-,-,A,0,,Y,,,Y,,A,08,0,0,1,0,0,0,1,0,0,"- ","- ",,,"SAN FRANCISCO","SAN FRANCISCO",-122.42275238037109,37.750713348388672
9227569,2021,2021-04-14,3801,2021-02-20,1121,2195,SOUTH,6,5,7,3801,0,0,0,,0,004,"DIVISION ST","8TH AV",0.00,,Y,A,-,N,,,,,,,,,,N,3,0,1,2,A,-,12,22450,A,N,C,G,A,A,H,-,A,D,0,,Y,,,Y,,L,04,0,1,0,0,0,0,1,0,0,"- ","- ",,,"SAN FRANCISCO","SAN FRANCISCO",-122.40385437011719,37.77001953125
9227571,2021,2021-04-07,3801,2021-02-19,1846,2279,INGLE,5,5,7,3801,0,0,0,,0,005,"HURON AV","SICKLES AV",0.00,,Y,A,-,N,,,,,,,,,,N,4,0,1,3,A,-,09,21800,A,N,D,G,A,A,H,-,C,A,0,,Y,,,Y,,L,04,0,0,1,0,0,0,1,0,0,"- ","- ",,,"SAN FRANCISCO","SAN FRANCISCO",-122.45323944091797,37.709182739257812
9227595,2021,2021-03-27,3801,2021-02-13,1531,2731,RICHM,6,5,7,3801,0,0,0,,0,0G4,"CLEMENT ST","25TH AV",90.00,W,N,A,-,N,,,,,,,,,,N,3,0,1,2,A,-,17,22517,,N,B,G,A,A,H,-,A,D,0,,Y,,,Y,,A,01,0,1,0,0,0,0,1,0,0,"- ","- ",,,"SAN FRANCISCO","SAN FRANCISCO",-122.48519134521484,37.782005310058594
9228198,2021,2021-03-23,3801,2021-02-21,1544,2060,NORTH,7,5,7,3801,0,0,0,,0,3E14D,"CALIFORNIA ST","SCOTT ST",112.00,W,N,A,-,N,,,,,,,,,,N,4,0,1,2,A,-,17,22517,,N,H,G,A,A,H,-,A,D,0,,Y,,,Y,,A,01,0,0,1,0,0,0,1,0,0,"- ","- ",,,"SAN FRANCISCO","SAN FRANCISCO",-122.43914031982422,37.788246154785156
9228204,2021,2021-03-23,3801,2021-02-23,1406,319,CENTR,2,5,7,3801,0,0,0,,0,3A11A,"SUTTER ST","LARKIN ST",0.00,,Y,A,-,N,,,,,,,,,,N,2,0,1,2,A,-,03,22350,A,F,B,B,B,A,H,-,A,A,0,Y,Y,,,Y,,L,04,1,0,0,0,1,0,0,0,0,"- ","- ",,,"SAN FRANCISCO","SAN FRANCISCO",-122.41846466064453,37.787967681884766
9239159,2021,2021-04-20,3801,2021-03-10,2205,2483,NORTH,3,5,7,3801,0,0,0,,0,3E13E,"HAIGHT ST","OCTAVIA ST",0.00,,Y,C,-,N,,,,,,,,,,N,4,0,1,2,A,-,03,22350,,N,H,G,A,B,H,-,C,A,0,,Y,,,Y,,L,04,0,0,1,0,0,0,1,0,0,"- ","- ",,,"SAN FRANCISCO","SAN FRANCISCO",-122.42392730712891,37.772964477539062
9247452,2021,2021-04-20,3801,2021-03-06,1345,1385,MISSI,6,5,7,3801,0,0,0,,0,3S41A,"MARKET ST","CASTRO ST",0.00,,Y,A,-,N,,,,,,,,,,N,3,0,1,2,A,-,03,22350,,N,B,G,A,A,H,-,A,A,0,,Y,,,Y,,L,04,0,1,0,0,0,0,1,0,0,"- ","- ",,,"SAN FRANCISCO","SAN FRANCISCO",-122.43515777587891,37.762641906738281
9247460,2021,2021-04-20,3801,2021-03-06,1006,4286,RICHM,6,5,7,3801,0,0,0,,0,0G1,"MARTIN LUTHER KING JR DR","LINCOLN WY",200.00,N,N,A,-,N,,,,,,,,,,N,3,0,1,2,A,-,21,22106,,N,B,G,A,A,H,-,A,D,0,,Y,,,Y,,A,01,0,1,0,0,0,0,1,0,0,"- ","- ",,,"SAN FRANCISCO","SAN FRANCISCO",-122.50917816162109,37.764495849609375
9252275,2021,2021-04-27,3801,2021-03-30,0650,2002,PARK,2,5,7,3801,0,0,0,,0,3F13A,"TURK BL","STANYAN ST",0.00,,Y,A,-,N,,,,,,,,,,N,3,0,1,2,A,-,09,21801,A,N,A,G,A,A,H,-,A,A,0,,Y,,,Y,,A,01,0,1,0,0,0,0,1,0,0,"- ","- ",,,"SAN FRANCISCO","SAN FRANCISCO",-122.45523071289062,37.777591705322266
9252725,2021,2021-04-24,3801,2021-03-05,0930,4301,NORTH,5,5,7,3801,0,0,0,,0,3E15A,"CHESTNUT ST","FRAKLIN ST",0.00,,Y,A,-,N,,,,,,,,,,N,4,0,1,2,A,-,12,21453,A,N,D,G,A,A,H,-,A,A,0,,Y,,,Y,,L,04,0,0,1,0,0,0,1,0,0,"- ","- ",,,"SAN FRANCISCO","SAN FRANCISCO",-122.42637634277344,37.802070617675781
9252818,2021,2021-04-28,3801,2021-03-28,1047,1725,RICHM,7,5,7,3801,0,0,0,,0,3G2A,"BRODERICK ST","CLAY ST",0.00,,Y,A,-,N,,,,,,,,,,N,4,0,1,2,A,-,12,22450,A,N,B,G,A,A,H,-,A,A,0,,Y,,,Y,,L,04,0,0,1,0,0,0,1,0,0,"- ","- ",,,"SAN FRANCISCO","SAN FRANCISCO",-122.44248199462891,37.789649963378906
9253090,2021,2021-04-21,3801,2021-03-26,1850,246,TARAV,5,5,7,3801,0,0,0,,0,"6 CAR","OCEAN AV","HAROLD ST",75.00,W,N,A,-,N,,,,,,,,,,N,4,0,1,2,A,-,17,22517,,F,G,G,A,A,H,-,A,A,0,,Y,,,Y,Y,A,01,0,0,1,0,0,0,1,0,0,"- ","- ",,,"SAN FRANCISCO","SAN FRANCISCO",-122.45337677001953,37.723323822021484
9253283,2021,2021-04-26,3801,2021-03-23,2500,328,CENTR,2,5,7,3801,0,0,0,,0,,"PACIFIC ST","KEARNY ST",0.00,,Y,A,-,N,,,,,,,,,,,4,0,1,2,A,-,08,22100,B,N,B,G,A,A,H,-,A,A,0,,Y,,,Y,,L,04,0,0,1,0,0,0,1,0,0,"- ","- ",,,"SAN FRANCISCO","SAN FRANCISCO",-122.40538787841797,37.79705810546875
9262487,2021,2021-05-12,3801,2021-04-19,1558,2377,TENDE,1,5,7,3801,0,0,0,,0,3J11D,"MARKET ST","9TH ST",0.00,,Y,A,-,N,,,,,,,,,,N,4,0,3,2,A,-,08,22107,,N,B,G,A,A,-,-,A,A,0,,Y,,,Y,,L,04,0,0,3,0,0,0,1,0,0,"- ","- ",,,"SAN FRANCISCO","SAN FRANCISCO",-122.41632843017578,37.777500152587891
9262741,2021,2021-05-11,3801,2021-04-16,1250,1237,CENTR,5,5,7,3801,0,0,0,,0,3A46C,"BUSH ST","GRANT AV",151.00,E,N,A,-,N,,,,,,,,,,N,2,0,1,1,A,-,03,22350,,N,F,J,A,A,-,-,A,D,0,,Y,,,Y,,L,04,1,0,0,0,0,0,1,0,0,"- ","- ",,,"SAN FRANCISCO","SAN FRANCISCO",-122.40502166748047,37.790634155273438
9262779,2021,2021-05-11,3801,2021-04-19,1512,4012,TARAV,1,5,7,3801,0,0,0,,0,3I11D,"17TH AV","17TH AV  1467",0.00,,Y,A,-,N,,,,,,,,,,N,2,0,1,2,A,-,06,21750,A,N,-,G,A,A,H,-,A,D,0,,Y,,,Y,,L,04,1,0,0,0,0,0,1,0,0,"- ","- ",,,"SAN FRANCISCO","SAN FRANCISCO",-122.474762,37.760548
9262785,2021,2021-05-11,3801,2021-04-21,1820,1194,SOUTH,3,5,7,3801,0,0,0,,0,0B3,"7TH ST","KING ST",0.00,,Y,A,-,N,,,,,,,,,,N,4,0,1,2,A,-,09,21801,A,N,D,G,A,A,H,-,A,D,0,,Y,,,Y,,A,01,0,0,1,0,0,0,1,0,0,"- ","- ",,,"SAN FRANCISCO","SAN FRANCISCO",-122.40081024169922,37.771137237548828
9262839,2021,2021-05-17,3801,2021-04-29,1640,2709,PARK,4,5,7,3801,0,0,0,,0,3F13D,"FELL ST","MASONIC ST",0.00,,Y,A,-,N,,,,,,,,,,N,3,0,1,2,A,-,04,21703,,F,C,G,A,A,H,-,A,D,0,,Y,,,Y,,A,01,0,1,0,0,0,0,1,0,0,"- ","- ",,,"SAN FRANCISCO","SAN FRANCISCO",-122.44591522216797,37.772983551025391
9275107,2021,2021-07-02,3801,2021-05-06,1212,2229,SOUTH,4,5,7,3801,0,0,0,,0,3B15C,"HARRISON ST","4TH ST",0.00,,Y,A,-,N,,,,,,,,,,N,2,0,1,2,A,-,05,21202,A,N,D,G,A,A,H,-,A,A,0,,Y,,,Y,,L,04,1,0,0,0,0,0,1,0,0,"- ","- ",,,"SAN FRANCISCO","SAN FRANCISCO",-122.39962768554688,37.780776977539062
9275108,2021,2021-07-02,3801,2021-05-06,0856,2247,NORTH,4,5,7,3801,0,0,0,,0,03E,"POLK ST",MCALLISTER,0.00,,Y,A,-,N,,,,,,,,,,N,4,0,1,2,A,-,12,21453,A,N,D,G,A,A,H,-,A,A,0,,Y,,,Y,,-,"- ",0,0,1,0,0,0,1,0,0,"- ","- ",,,"SAN FRANCISCO","SAN FRANCISCO",-122.41860198974609,37.7802734375
9275154,2021,2021-07-08,3801,2021-05-08,1306,2238,PARK,6,5,7,3801,0,0,0,,0,001,"JOHN F KENNEDY DR","CONSERVATORY DR",60.00,E,N,A,-,N,,,,,,,,,,N,3,0,2,2,A,-,22,23123,A,N,G,B,E,A,H,-,A,D,0,Y,Y,,,Y,,L,04,0,2,0,0,1,0,1,0,0,"- ","- ",,,"SAN FRANCISCO","SAN FRANCISCO",-122.46184539794922,37.771732330322266
9275174,2021,2021-07-08,3801,2021-05-27,1445,NORTHERN,NORTH,4,5,7,3801,0,0,0,,0,3E44C,"OFARRELL ST","SCOTT ST",0.00,,Y,A,-,N,,,,,,,,,,N,4,0,1,2,A,-,12,22450,,N,D,G,A,A,H,-,A,A,0,,Y,,,Y,,L,04,0,0,1,0,0,0,1,0,0,"- ","- ",,,"SAN FRANCISCO","SAN FRANCISCO",-122.4376220703125,37.782646179199219
9285677,2021,2021-06-30,3801,2021-05-28,1648,2342,NORTH,5,5,7,3801,0,0,0,,0,3E6D,"POLK ST","ELLIS ST",30.00,S,N,A,-,N,,,,,,,,,,N,3,0,1,2,A,-,04,21703,,F,C,G,A,A,H,-,A,D,0,,Y,,,Y,,A,01,0,1,0,0,0,0,1,0,0,"- ","- ",,,"SAN FRANCISCO","SAN FRANCISCO",-122.41933441162109,37.783958435058594
9285678,2021,2021-06-30,3801,2021-05-28,1518,1118,SOUTH,5,5,7,3801,0,0,0,,0,3B13C,"FOLSOM ST","6TH ST",0.00,,Y,A,-,N,,,,,,,,,,N,3,0,1,2,A,-,12,21453,A,F,D,G,A,A,H,-,A,A,0,,Y,,,Y,,A,01,0,1,0,0,0,0,1,0,0,"- ","- ",,,"SAN FRANCISCO","SAN FRANCISCO",-122.40560150146484,37.778499603271484
9285689,2021,2021-07-02,3801,2021-05-19,1732,4012,TARAV,3,5,7,3801,0,0,0,,0,3I1D,"IRVING ST","18TH AV",0.00,,Y,A,-,N,,,,,,,,,,N,3,0,1,2,A,-,06,21750,A,N,D,G,A,A,H,-,A,D,0,,Y,,,Y,,L,04,0,1,0,0,0,0,1,0,0,"- ","- ",,,"SAN FRANCISCO","SAN FRANCISCO",-122.47605133056641,37.763614654541016
9285713,2021,2021-07-01,3801,2021-05-18,1020,2065,NORTH,2,5,7,3801,0,0,0,,0,3E12A,"FULTON ST","FILLMORE ST",0.00,,Y,A,-,N,,,,,,,,,,N,3,0,1,2,A,-,03,22350,,F,D,G,A,A,H,-,A,A,0,,Y,,,Y,,-,"- ",0,1,0,0,0,0,1,0,0,"- ","- ",,,"SAN FRANCISCO","SAN FRANCISCO",-122.43155670166016,37.777690887451172
9288109,2021,2021-07-02,3801,2021-01-01,1343,970,SOUTH,5,5,7,3801,0,0,0,,0,,"MARKET ST","VALENCIA ST",0.00,,Y,A,-,N,,,,,,,,,,,3,0,1,2,A,-,08,22101,D,F,D,G,A,A,H,-,A,A,0,,Y,,,Y,,A,01,0,1,0,0,0,0,1,0,0,"- ","- ",,,"SAN FRANCISCO","SAN FRANCISCO",-122.42262268066406,37.772548675537109
9288138,2021,2021-07-07,3801,2021-04-10,1508,1332,SOUTH,6,5,7,3801,0,0,0,,0,001,"HOWARD ST","FREMONT ST",0.00,,Y,A,-,N,,,,,,,,,,N,4,0,1,2,A,-,08,22100,A,N,D,G,A,A,H,-,A,A,0,,Y,,,Y,,A,01,0,0,1,0,0,0,1,0,0,"- ","- ",,,"SAN FRANCISCO","SAN FRANCISCO",-122.3951416015625,37.789226531982422
9290649,2021,2021-08-09,3801,2021-06-19,1244,1377,INGLE,6,5,7,3801,0,0,0,,0,3H11C,"MISSION ST","SILVER AV",0.00,,Y,A,-,N,,,,,,,,,,N,4,0,1,2,A,-,09,21801,A,N,A,G,A,A,H,-,A,A,0,,Y,,,Y,,A,01,0,0,1,0,0,0,1,0,0,"- ","- ",,,"SAN FRANCISCO","SAN FRANCISCO",-122.43128204345703,37.728736877441406
9293039,2021,2021-08-09,3801,2021-06-02,1230,1118,SOUTH,3,5,7,3801,0,0,0,,0,3B13C,"17TH ST","DE HARO ST",0.00,,Y,A,-,N,,,,,,,,,,N,4,0,1,2,A,-,10,21950,A,F,G,B,B,A,H,-,A,D,0,Y,Y,,,Y,,L,04,0,0,1,0,1,0,0,0,0,"- ","- ",,,"SAN FRANCISCO","SAN FRANCISCO",-122.40157318115234,37.764835357666016
9294125,2021,2021-08-02,3801,2021-06-14,0730,1871,INGLE,1,5,7,3801,0,0,0,,0,901,"NIAGARA AV","ALEMANY BL",0.00,,Y,B,F,N,,,,,,,,,,N,3,0,1,2,D,-,00,,,N,D,G,A,B,-,-,A,A,0,,Y,,,Y,,-,"- ",0,1,0,0,0,0,1,0,0,"- ","- ",,,"SAN FRANCISCO","SAN FRANCISCO",-122.44346618652344,37.717002868652344
9294290,2021,2021-08-02,3801,2021-06-02,2101,2153,SOUTH,3,5,7,3801,0,0,0,,0,3B13D,"6TH ST","FOLSOM ST",0.00,,Y,F,-,N,,,,,,,,,,Y,4,0,1,2,A,-,00,12500,A,N,B,G,A,A,H,-,C,A,0,,Y,,,Y,,L,04,0,0,1,0,0,0,1,0,0,"- ","- ",,,"SAN FRANCISCO","SAN FRANCISCO",-122.40560150146484,37.778499603271484
9295563,2021,2021-08-04,3801,2021-06-24,2115,1350,BAYVI,4,5,7,3801,0,0,0,,0,3C12E,"MARIN ST","BAY SHORE BL",0.00,,Y,A,-,N,,,,,,,,,,N,4,0,1,2,A,-,08,22107,,F,D,G,A,A,H,-,C,A,0,,Y,,,Y,,A,07,0,0,1,0,0,0,1,0,0,"- ","- ",,,"SAN FRANCISCO","SAN FRANCISCO",-122.40351867675781,37.748123168945312
9295590,2021,2021-08-09,3801,2021-06-07,1100,1129,TARAV,1,5,7,3801,0,0,0,,0,005,"OCEAN AV","LAGUNITAS DR",57.00,W,N,A,-,N,,,,,,,,,,N,4,0,1,2,-,-,"- ",,,N,D,G,A,A,H,-,A,D,0,,Y,,,Y,,-,"- ",0,0,1,0,0,0,1,0,0,"- ","- ",,,"SAN FRANCISCO","SAN FRANCISCO",-122.474365234375,37.732185363769531
9295696,2021,2021-08-02,3801,2021-06-07,2045,1909,NORTH,1,5,7,3801,0,0,0,,0,NORTHE,"BUCHANAN ST","NORTH POINT ST",10.00,W,N,A,-,N,,,,,,,,,,N,4,0,1,2,A,-,17,22517,,N,E,G,A,A,H,-,B,D,0,,Y,,,Y,,A,01,0,0,1,0,0,0,1,0,0,"- ","- ",,,"SAN FRANCISCO","SAN FRANCISCO",-122.43351745605469,37.804058074951172
9297720,2021,2021-09-13,3801,2021-07-20,1306,1886,TENDE,2,5,7,3801,0,0,0,,0,3J97C,"MARKET ST","MARKET ST 945",0.00,,-,A,-,N,,,,,,,,,,N,4,0,1,2,A,-,08,22107,,N,H,-,A,A,H,-,A,D,0,,Y,,,Y,,L,04,0,0,1,0,0,0,1,0,0,"- ","- ",,,"SAN FRANCISCO","SAN FRANCISCO",,
9308295,2021,2021-08-27,3801,2021-07-27,1411,1342,NORTH,2,5,7,3801,0,0,0,,0,,"GOUGH ST","FULTON ST",0.00,,Y,A,-,N,,,,,,,,,,,3,0,1,2,A,-,08,22107,,N,B,G,A,A,H,-,A,A,0,,Y,,,Y,,A,01,0,1,0,0,0,0,1,0,0,"- ","- ",,,"SAN FRANCISCO","SAN FRANCISCO",-122.42334747314453,37.778751373291016
9312980,2021,2021-09-13,3801,2021-07-06,1830,1116,MISSI,2,5,7,3801,0,0,0,,0,3D16D,"OAKDALE AV","SELBY ST",0.00,,Y,F,-,N,,,,,,,,,,N,4,0,1,2,-,-,"- ",,,F,H,G,A,-,G,-,A,-,0,,Y,,,Y,,-,"- ",0,0,1,0,0,0,1,0,0,"- ","- ",,,"SAN FRANCISCO","SAN FRANCISCO",-122.39969635009766,37.739933013916016
9313274,2021,2021-09-03,3801,2021-07-06,1855,1666,PARK,2,5,7,3801,0,0,0,,0,4-CAR,"OAK ST","DIVISADERO ST",0.00,,Y,A,-,N,,,,,,,,,,N,4,0,1,2,A,-,08,22100,A,N,D,G,A,A,H,-,B,A,0,,Y,,,Y,,A,01,0,0,1,0,0,0,1,0,0,"- ","- ",,,"SAN FRANCISCO","SAN FRANCISCO",-122.43743133544922,37.773143768310547
9313481,2021,2021-09-21,3801,2021-07-21,1826,1113,PARK,3,5,7,3801,0,0,0,,0,3F14D,"15TH ST","CASTRO ST",124.00,E,N,A,-,N,,,,,,,,,,N,2,0,1,2,A,-,"- ",,,N,B,E,A,A,H,-,A,-,0,,Y,,,Y,,-,"- ",1,0,0,0,0,0,1,0,0,"- ","- ",,,"SAN FRANCISCO","SAN FRANCISCO",-122.43503570556641,37.7657470703125
9314634,2021,2021-08-28,3801,2021-07-15,1311,1680,MISSI,4,5,7,3801,0,0,0,,0,3D44C,"24TH ST","TREAT AV",0.00,,Y,A,-,N,,,,,,,,,,N,4,0,1,2,A,-,12,22450,A,N,D,G,A,A,H,-,A,A,0,,Y,,,Y,Y,L,04,0,0,1,0,0,0,1,0,0,"- ","- ",,,"SAN FRANCISCO","SAN FRANCISCO",-122.41299438476562,37.752571105957031
9316641,2021,2021-10-14,3801,2021-07-17,0723,1628,RICHM,6,5,7,3801,0,0,0,,0,2CAR,"GEARY BL","ARGUELLO BL",0.00,,Y,A,-,N,,,,,,,,,,N,4,0,1,2,A,-,12,21453,A,N,D,G,A,A,H,-,A,A,0,,Y,,,Y,,A,01,0,0,1,0,0,0,1,0,0,"- ","- ",,,"SAN FRANCISCO","SAN FRANCISCO",-122.45887756347656,37.781333923339844
9341106,2021,2021-10-08,3801,2021-08-28,1049,A22051,CENTR,6,5,7,3801,0,0,0,,0,3A3A,"BEACH ST","LARKIN ST",0.00,,Y,A,-,N,,,,,,,,,,N,4,0,1,2,A,-,12,22450,,F,B,G,A,A,H,-,A,A,0,,Y,,,Y,,A,01,0,0,1,0,0,0,1,0,0,"- ","- ",,,"SAN FRANCISCO","SAN FRANCISCO",-122.42217254638672,37.806442260742188
9341108,2021,2021-10-08,3801,2021-08-27,1620,2107,NORTH,5,5,7,3801,0,0,0,,0,3E12D,"TURK ST","SCOTT ST",0.00,,Y,A,-,N,,,,,,,,,,N,3,0,1,2,A,-,12,21453,A,N,D,G,A,A,H,-,A,A,0,,Y,,,Y,,L,04,0,1,0,0,0,0,1,0,0,"- ","- ",,,"SAN FRANCISCO","SAN FRANCISCO",-122.43706512451172,37.779857635498047
9341110,2021,2021-10-20,3801,2021-08-27,1242,2247,NORTH,5,5,7,3801,0,0,0,,0,3E15A,"MARINA BL","BAKER ST",6.00,S,N,A,-,N,,,,,,,,,,N,3,0,2,2,A,-,12,22450,A,N,D,C,B,A,H,-,A,A,0,Y,Y,,,Y,,L,04,0,1,1,0,1,0,1,0,0,"- ","- ",,,"SAN FRANCISCO","SAN FRANCISCO",-122.44732666015625,37.80517578125
9341994,2021,2021-10-22,3801,2021-09-15,1547,1148,MISSI,3,5,7,3801,0,0,0,,0,3D16D,"14TH ST","SOUTH VAN NESS",0.00,,Y,A,-,N,,,,,,,,,,N,3,0,1,2,A,-,08,22107,,N,D,G,A,A,H,-,A,A,0,,Y,,,Y,,A,01,0,1,0,0,0,0,1,0,0,"- ","- ",,,"SAN FRANCISCO","SAN FRANCISCO",-122.41780090332031,37.768417358398438
9343029,2021,2021-10-14,3801,2021-08-01,1745,4022,MISSI,7,5,7,3801,0,0,0,,0,3D14D,"MISSION ST","25TH ST",25.00,S,N,A,-,N,,,,,,,,,,N,3,0,1,2,A,-,17,22517,,F,D,G,A,A,H,-,A,A,0,,Y,,,Y,,A,07,0,1,0,0,0,0,1,0,0,"- ","- ",,,"SAN FRANCISCO","SAN FRANCISCO",-122.41829681396484,37.750591278076172
9343037,2021,2021-10-14,3801,2021-08-01,1336,4335,NORTH,7,5,7,3801,0,0,0,,0,901,"MARINA BL","DIVISADERO ST",0.00,,Y,A,-,N,,,,,,,,,,N,3,0,2,2,A,-,05,21650,,N,A,G,A,A,H,-,A,D,0,,Y,,,Y,,L,04,0,2,0,0,0,0,2,0,0,"- ","- ",,,"SAN FRANCISCO","SAN FRANCISCO",-122.44400024414062,37.805587768554688
9343167,2021,2021-10-13,3801,2021-08-13,1100,317,CENTR,5,5,7,3801,0,0,0,,0,SECTOR,"MARKET ST","SUTTER ST",0.00,,Y,A,-,N,,,,,,,,,,N,3,0,2,2,A,-,06,21750,A,N,B,G,A,B,H,-,A,A,0,,Y,,,Y,,L,04,0,1,1,0,0,0,2,0,0,"- ","- ",,,"SAN FRANCISCO","SAN FRANCISCO",-122.40013885498047,37.790298461914062
9343177,2021,2021-10-13,3801,2021-08-03,1445,1422,TRAFF,2,5,7,3801,0,0,0,,0,,"3RD ST","BERRY ST",0.00,,Y,A,-,N,,,,,,,,,,N,3,0,1,2,A,-,08,22107,,N,B,G,A,A,-,-,A,A,0,,Y,,,Y,,L,04,0,1,0,0,0,0,1,0,0,"- ","- ",,,"SAN FRANCISCO","SAN FRANCISCO",-122.39110565185547,37.77752685546875
9343320,2021,2021-10-13,3801,2021-08-23,0848,283,MISSI,1,5,7,3801,0,0,0,,0,0D6,"BRYANT ST","17TH ST",0.00,,Y,A,-,N,,,,,,,,,,N,3,0,1,2,A,-,12,21453,A,N,D,G,A,A,H,-,A,A,0,,Y,,,Y,,L,04,0,1,0,0,0,0,1,0,0,"- ","- ",,,"SAN FRANCISCO","SAN FRANCISCO",-122.41038513183594,37.764324188232422
9345624,2021,2021-10-29,3801,2021-09-23,2303,2220,MISSI,4,5,7,3801,0,0,0,,0,,"GUERRERO ST","17TH ST",0.00,,Y,A,-,N,,,,,,,,,,N,2,0,1,2,A,-,"- ",,,N,D,-,F,A,H,-,C,A,0,Y,Y,,,Y,,L,04,1,0,0,0,1,0,0,0,0,"- ","- ",,,"SAN FRANCISCO","SAN FRANCISCO",-122.42392730712891,37.763172149658203
9345625,2021,2021-10-29,3801,2021-09-15,0806,1155,SOUTH,3,5,7,3801,0,0,0,,0,3B13A,"MARKET ST","VALENCIA ST",0.00,,Y,A,-,N,,,,,,,,,,N,3,0,1,2,A,-,08,22101,D,N,D,G,A,A,H,-,A,A,0,,Y,,,Y,,A,01,0,1,0,0,0,0,1,0,0,"- ","- ",,,"SAN FRANCISCO","SAN FRANCISCO",-122.42262268066406,37.772548675537109