CASE_ID,ACCIDENT_YEAR,PROC_DATE,JURIS,COLLISION_DATE,COLLISION_TIME,OFFICER_ID,REPORTING_DISTRICT,DAY_OF_WEEK,CHP_SHIFT,POPULATION,CNTY_CITY_LOC,SPECIAL_COND,BEAT_TYPE,CHP_BEAT_TYPE,CITY_DIVISION_LAPD,CHP_BEAT_CLASS,BEAT_NUMBER,PRIMARY_RD,SECONDARY_RD,DISTANCE,DIRECTION,INTERSECTION,WEATHER_1,WEATHER_2,STATE_HWY_IND,CALTRANS_COUNTY,CALTRANS_DISTRICT,STATE_ROUTE,ROUTE_SUFFIX,POSTMILE_PREFIX,POSTMILE,LOCATION_TYPE,RAMP_INTERSECTION,SIDE_OF_HWY,TOW_AWAY,COLLISION_SEVERITY,NUMBER_KILLED,NUMBER_INJURED,PARTY_COUNT,PRIMARY_COLL_FACTOR,PCF_CODE_OF_VIOL,PCF_VIOL_CATEGORY,PCF_VIOLATION,PCF_VIOL_SUBSECTION,HIT_AND_RUN,TYPE_OF_COLLISION,MVIW,PED_ACTION,ROAD_SURFACE,ROAD_COND_1,ROAD_COND_2,LIGHTING,CONTROL_DEVICE,CHP_ROAD_TYPE,PEDESTRIAN_ACCIDENT,BICYCLE_ACCIDENT,MOTORCYCLE_ACCIDENT,TRUCK_ACCIDENT,NOT_PRIVATE_PROPERTY,ALCOHOL_INVOLVED,STWD_VEHTYPE_AT_FAULT,CHP_VEHTYPE_AT_FAULT,COUNT_SEVERE_INJ,COUNT_VISIBLE_INJ,COUNT_COMPLAINT_PAIN,COUNT_PED_KILLED,COUNT_PED_INJURED,COUNT_BICYCLIST_KILLED,COUNT_BICYCLIST_INJURED,COUNT_MC_KILLED,COUNT_MC_INJURED,PRIMARY_RAMP,SECONDARY_RAMP,LATITUDE,LONGITUDE,COUNTY,CITY,POINT_X,POINT_Y
9506550,2022,2022-10-10,3801,2022-09-22,1445,2239,INGLE,4,5,7,3801,0,0,0,,0,3H11D,"ROSENKRANZ ST","CHAPMAN ST",0.00,,N,A,-,N,,,,,,,,,,N,3,0,1,1,D,-,00,,,N,H,-,A,A,H,-,A,D,0,,Y,,,Y,,-,"- ",0,1,0,0,0,0,1,0,0,"- ","- ",,,"SAN FRANCISCO","SAN FRANCISCO",-122.41069030761719,37.741825103759766
9506552,2022,2022-10-10,3801,2022-09-27,1639,649,INGLE,2,5,7,3801,0,0,0,,0,3H12D,"PORTOLA DR","OSHAUGHNESSY BL",0.00,,Y,A,-,N,,,,,,,,,,N,3,0,1,2,A,-,08,22107,,N,B,G,A,A,H,-,A,A,0,,Y,,,Y,,A,01,0,1,0,0,0,0,1,0,0,"- ","- ",,,"SAN FRANCISCO","SAN FRANCISCO",-122.45160675048828,37.745479583740234
9509956,2022,2022-12-15,3801,2022-11-11,2021,319,CENTR,5,5,7,3801,0,0,0,,0,3A12D,"CALIFORNIA ST","FRONT ST",110.00,E,N,A,-,N,,,,,,,,,,N,3,0,1,2,A,-,08,22107,,F,B,G,A,A,H,-,C,D,0,,Y,,,Y,,A,01,0,1,0,0,0,0,1,0,0,"- ","- ",,,"SAN FRANCISCO","SAN FRANCISCO",-122.39844512939453,37.793403625488281
9509978,2022,2022-12-21,3801,2022-11-27,1703,1582,CENTR,7,5,7,3801,0,0,0,,0,3A14D,"STOCKTON ST","WASHINGTON ST",24.00,N,N,A,-,N,,,,,,,,,,,2,0,1,2,A,-,03,22350,,F,H,B,E,A,H,-,C,A,0,Y,Y,,,Y,,L,04,1,0,0,0,1,0,0,0,0,"- ","- ",,,"SAN FRANCISCO","SAN FRANCISCO",-122.40804290771484,37.795024871826172
9518818,2022,2023-02-02,3801,2022-05-02,1845,1389,BAYVI,1,5,7,3801,0,0,0,,0,3C13D,KISKA,"KISKA 188",0.00,,-,A,-,N,,,,,,,,,,N,4,0,1,1,A,-,03,22350,,N,H,A,A,A,B,-,B,D,0,,Y,,,Y,,L,04,0,0,1,0,0,0,1,0,0,"- ","- ",,,"SAN FRANCISCO","SAN FRANCISCO",,
9522331,2022,2022-12-20,3801,2022-11-18,1851,1806,NORTH,5,5,7,3801,0,0,0,,0,3E13D,"OCTAVIA ST","PAGE ST",0.00,,Y,A,-,N,,,,,,,,,,N,4,0,1,2,A,-,02,22526,A,N,D,G,A,A,H,-,C,A,0,,Y,,,Y,,A,01,0,0,1,0,0,0,1,0,0,"- ","- ",,,"SAN FRANCISCO","SAN FRANCISCO",-122.42411041259766,37.773883819580078
9522341,2022,2022-12-19,3801,2022-11-19,1835,2046,NORTH,6,5,7,3801,0,0,0,,0,,"POLK ST","EDDY ST",118.00,S,N,A,-,N,,,,,,,,,,N,4,0,1,2,A,-,03,22350,,N,C,E,A,A,H,-,C,A,0,,Y,,,Y,,L,04,0,0,1,0,0,0,1,0,0,"- ","- ",,,"SAN FRANCISCO","SAN FRANCISCO",-122.41911315917969,37.782760620117188
9522354,2022,2022-12-19,3801,2022-11-22,1705,1897,INGLE,2,5,7,3801,0,0,0,,0,3H13D,"LYELL ST","CAYUGA AV",30.00,E,N,A,-,N,,,,,,,,,,N,4,0,1,2,A,-,17,22517,,N,H,G,A,A,H,-,C,A,0,,Y,,,Y,,A,01,0,0,1,0,0,0,1,0,0,"- ","- ",37.730819702148438,-122.43138122558594,"SAN FRANCISCO","SAN FRANCISCO",-122.43138122558594,37.730953216552734
9522372,2022,2022-12-28,3801,2022-11-21,1945,1741,SOUTH,1,5,7,3801,0,0,0,,0,901,"FOLSOM ST","1ST ST",0.00,,Y,A,-,N,,,,,,,,,,N,4,0,1,2,A,-,13,22502,,N,A,E,A,A,H,-,C,A,0,,Y,,,Y,,A,01,0,0,1,0,0,0,1,0,0,"- ","- ",,,"SAN FRANCISCO","SAN FRANCISCO",-122.39447021484375,37.787319183349609
9530996,2022,2023-01-23,3801,2022-11-22,0640,4357,TENDE,2,5,7,3801,0,0,0,,0,2CAR,"MARKET ST","4TH ST",0.00,,N,A,-,N,,,,,,,,,,N,4,0,1,2,A,-,17,22517,,N,H,G,A,A,H,-,B,D,0,,Y,,,Y,,-,,0,0,1,0,0,0,1,0,0,"- ","- ",,,"SAN FRANCISCO","SAN FRANCISCO",-122.40589141845703,37.785697937011719
9531542,2022,2022-11-07,3801,2022-08-04,2030,1769,MISSI,4,5,7,3801,0,0,0,,0,3D11E,"VALENCIA ST","DUBOCE AV",0.00,,Y,A,-,N,,,,,,,,,,N,4,0,1,2,A,-,08,22107,,F,B,G,A,A,H,-,C,A,0,,Y,,,Y,,A,01,0,0,1,0,0,0,1,0,0,"- ","- ",,,"SAN FRANCISCO","SAN FRANCISCO",-122.42236328125,37.769866943359375
9531547,2022,2022-11-07,3801,2022-08-17,0932,504,NORTH,3,5,7,3801,0,0,0,,0,3E12A,"FULTON ST","FILLMORE ST",0.00,,Y,A,-,N,,,,,,,,,,N,3,0,1,2,A,-,08,22107,,N,D,G,A,A,G,-,A,A,0,,Y,,,Y,,A,01,0,1,0,0,0,0,1,0,0,"- ","- ",,,"SAN FRANCISCO","SAN FRANCISCO",-122.43155670166016,37.777690887451172
9543115,2022,2023-02-07,3801,2022-12-27,1747,2433,SOUTH,2,5,7,3801,0,0,0,,0,3B13D,"6TH ST","MINNA ST",0.00,,Y,A,-,N,,,,,,,,,,N,4,0,1,2,A,-,12,21453,A,F,D,G,A,A,H,-,C,A,0,,Y,,,Y,,A,01,0,0,1,0,0,0,1,0,0,"- ","- ",,,"SAN FRANCISCO","SAN FRANCISCO",-122.40813446044922,37.780551910400391
9543232,2022,2023-02-16,3801,2022-12-18,2025,2470,CENTR,7,5,7,3801,0,0,0,,0,3A13D,"COLUMBUS AV","BAY ST",166.00,S,N,A,-,N,,,,,,,,,,Y,3,0,1,2,A,-,01,23152,A,N,C,G,A,A,H,-,C,D,0,,Y,,,Y,Y,A,01,0,1,0,0,0,0,1,0,0,"- ","- ",,,"SAN FRANCISCO","SAN FRANCISCO",-122.41677093505859,37.804889678955078
9545462,2023,2023-02-27,3801,2023-01-01,1541,4115,CENTR,7,5,7,3801,0,0,0,,0,3A12C,"NORTH POINT ST","NORTH POINT ST 870",0.00,,N,A,-,N,,,,,,,,,,N,3,0,2,2,A,-,06,21756,A,N,G,B,E,-,H,-,A,D,0,Y,Y,,,Y,,L,04,0,1,1,0,1,0,1,0,0,"- ","- ",,,"SAN FRANCISCO","SAN FRANCISCO",,
9545474,2023,2023-02-24,3801,2023-01-01,1706,2293,NORTH,7,5,7,3801,0,0,0,,0,0E1,"OCTAVIA ST","HAIGHT ST",0.00,,Y,A,-,N,,,,,,,,,,N,4,0,1,2,A,-,12,21453,A,N,D,G,A,A,H,-,A,A,0,,Y,,,Y,,L,04,0,0,1,0,0,0,1,0,0,"- ","- ",,,"SAN FRANCISCO","SAN FRANCISCO",-122.42392730712891,37.772964477539062
9545528,2023,2023-02-25,3801,2023-01-03,1355,4274,RICHM,2,5,7,3801,0,0,0,,0,3B13C,"BALBOA ST","ARGUELLO BL",0.00,,Y,A,-,N,,,,,,,,,,N,4,0,1,2,D,-,00,,,N,A,G,A,A,H,-,A,A,0,,Y,,,Y,,-,"- ",0,0,1,0,0,0,1,0,0,"- ","- ",,,"SAN FRANCISCO","SAN FRANCISCO",-122.45858764648438,37.777248382568359
9545588,2023,2023-02-23,3801,2023-01-27,1239,2706,MISSI,5,5,7,3801,0,0,0,,0,3D15A,"DUBOCE AV","WOODWARD ST",0.00,,Y,A,-,N,,,,,,,,,,N,4,0,2,3,A,-,07,21658,A,N,D,G,A,A,H,-,A,D,0,,Y,Y,,Y,,L,04,0,0,2,0,0,0,1,0,1,"- ","- ",,,"SAN FRANCISCO","SAN FRANCISCO",-122.42092132568359,37.769939422607422
9545704,2022,2023-02-09,3801,2022-10-31,0738,2748,MISSI,1,5,7,3801,0,0,0,,0,3D14A,"13TH ST","MISSION ST",0.00,,Y,A,-,N,,,,,,,,,,N,4,0,1,2,A,-,12,21453,A,N,D,G,A,A,H,-,A,A,0,,Y,,,Y,Y,L,04,0,0,1,0,0,0,1,0,0,"- ","- ",,,"SAN FRANCISCO","SAN FRANCISCO",-122.419921875,37.769977569580078
9553856,2022,2023-03-14,3801,2022-06-25,1629,200,TENDE,6,5,7,3801,0,0,0,,0,3J12D,"OFARRELL ST","CYRIL MAGNIN ST",0.00,,Y,A,-,N,,,,,,,,,,Y,3,0,1,1,A,-,03,22350,,N,-,A,A,A,H,-,A,A,0,,Y,,,Y,,L,04,0,1,0,0,0,0,1,0,0,"- ","- ",,,"SAN FRANCISCO","SAN FRANCISCO",-122.40894317626953,37.786312103271484
9553886,2023,2023-03-15,3801,2023-01-26,1735,713,CENTR,4,5,7,3801,0,0,0,,0,3A13D,"3RD ST","JESSIE ST",6.00,N,N,A,-,N,,,,,,,,,,N,3,0,1,2,A,-,08,22107,,N,B,G,A,A,H,-,C,D,0,,Y,,,Y,,A,01,0,1,0,0,0,0,1,0,0,"- ","- ",,,"SAN FRANCISCO","SAN FRANCISCO",-122.40254211425781,37.786712646484375
9553923,2023,2023-03-25,3801,2023-02-03,1621,2100,MISSI,5,5,7,3801,0,0,0,,0,3D11D,"CESAR CHAVEZ ST","CHURCH ST",188.00,W,N,A,-,N,,,,,,,,,,N,3,0,1,1,A,-,03,22350,,N,F,A,A,A,H,-,A,D,0,,Y,,,Y,,L,04,0,1,0,0,0,0,1,0,0,"- ","- ",,,"SAN FRANCISCO","SAN FRANCISCO",-122.42768859863281,37.747692108154297
9553959,2023,2023-04-11,3801,2023-02-04,0050,1216,NORTH,6,5,7,3801,0,0,0,,0,3E16E,"LOMBARD ST","VAN NESS AV",250.00,W,N,A,-,N,,,,,,,,,,N,2,0,1,2,A,-,03,22350,,F,C,G,A,A,H,-,C,-,0,,Y,,,Y,,-,99,1,0,0,0,0,0,1,0,0,"- ","- ",37.801151275634766,-122.425537109375,"SAN FRANCISCO","SAN FRANCISCO",-122.42554473876953,37.801162719726562
9553994,2023,2023-03-25,3801,2023-02-03,1551,481,CENTR,5,5,7,3801,0,0,0,,0,3A11D,"TAYLOR ST","POST ST",0.00,,Y,A,-,N,,,,,,,,,,N,3,0,1,2,A,-,03,22350,,N,D,G,A,A,H,-,A,D,0,,Y,,,Y,,L,04,0,1,0,0,0,0,1,0,0,"- ","- ",,,"SAN FRANCISCO","SAN FRANCISCO",-122.41169738769531,37.787860870361328
9554081,2023,2023-03-17,3801,2023-02-13,2005,2272,BAYVI,1,5,7,3801,0,0,0,,0,3C15D,"BAYSHORE BL","CORTLAND AV",0.00,,Y,A,-,N,,,,,,,,,,N,4,0,1,2,A,-,12,21453,A,N,D,G,A,A,H,-,C,D,0,,Y,,,Y,,L,04,0,0,1,0,0,0,1,0,0,"- ","- ",,,"SAN FRANCISCO","SAN FRANCISCO",-122.40699005126953,37.739582061767578
9554112,2023,2023-03-16,3801,2023-02-12,1040,1148,MISSI,7,5,7,3801,0,0,0,,0,3D15A,"17TH ST","SOUTH VAN NESS AV",0.00,,-,-,-,N,,,,,,,,,,N,3,0,1,2,A,-,09,21801,A,N,D,G,A,A,H,-,-,A,0,,Y,,,Y,,A,01,0,1,0,0,0,0,1,0,0,"- ","- ",,,"SAN FRANCISCO","SAN FRANCISCO",-122.41733551025391,37.763557434082031
9554134,2023,2023-03-25,3801,2023-02-05,1846,2008,MISSI,7,5,7,3801,0,0,0,,0,3D15D,"17TH ST","VALENCIA ST",145.00,E,N,A,-,N,,,,,,,,,,N,3,0,1,2,A,-,09,21804,A,N,D,G,A,A,H,-,C,D,0,,Y,,,Y,,A,07,0,1,0,0,0,0,1,0,0,"- ","- ",,,"SAN FRANCISCO","SAN FRANCISCO",-122.42124176025391,37.763332366943359
9561207,2023,2023-04-24,3801,2023-03-06,0926,428,CENTR,1,5,7,3801,0,0,0,,0,,"POWELL ST","CALIFORNIA ST",75.00,N,N,A,-,N,,,,,,,,,,N,4,0,1,2,A,-,09,21804,A,N,D,G,A,A,H,-,A,D,0,,Y,,,Y,,A,07,0,0,1,0,0,0,1,0,0,"- ","- ",,,"SAN FRANCISCO","SAN FRANCISCO",-122.40921020507812,37.792251586914062
9561211,2023,2023-04-24,3801,2023-03-21,0758,1825,SOUTH,2,5,7,3801,0,0,0,,0,3B2A,"4TH ST","HARRISON ST",0.00,,Y,C,-,N,,,,,,,,,,N,3,0,1,2,A,-,17,21461,A,N,B,G,A,B,H,-,A,A,0,,Y,,,Y,,L,04,0,1,0,0,0,0,1,0,0,"- ","- ",,,"SAN FRANCISCO","SAN FRANCISCO",-122.39962768554688,37.780776977539062
9561224,2023,2023-04-28,3801,2023-03-22,1650,2748,MISSI,3,5,7,3801,0,0,0,,0,3D15E,"FILLMORE ST","DUBOCE AV",0.00,,Y,F,-,N,,,,,,,,,,N,3,0,1,2,A,-,21,22106,,N,H,G,A,-,G,-,-,-,0,,Y,,,Y,,-,,0,1,0,0,0,0,1,0,0,"- ","- ",,,"SAN FRANCISCO","SAN FRANCISCO",-122.42987823486328,37.7694091796875
9561228,2023,2023-06-28,3801,2023-03-27,0626,624,NORTH,1,5,7,3801,0,0,0,,0,002,"LAGUNA ST","EDDY ST",0.00,,Y,A,-,N,,,,,,,,,,N,4,0,1,2,A,-,12,21453,A,N,D,G,A,A,H,-,C,A,0,,Y,,,Y,,L,04,0,0,1,0,0,0,1,0,0,"- ","- ",,,"SAN FRANCISCO","SAN FRANCISCO",-122.42739868164062,37.782062530517578
9561238,2023,2023-04-28,3801,2023-03-06,0835,179,NORTH,1,5,7,3801,0,0,0,,0,3E12A,"MCALLISTER ST","STEINER ST",136.00,W,N,A,-,N,,,,,,,,,,N,4,0,1,2,A,-,21,22106,,N,-,G,A,A,-,-,A,A,0,,Y,,,Y,,A,01,0,0,1,0,0,0,1,0,0,"- ","- ",,,"SAN FRANCISCO","SAN FRANCISCO",-122.43386840820312,37.778362274169922
9561244,2023,2023-04-08,3801,2023-03-08,1958,158,NORTH,3,5,7,3801,0,0,0,,0,3E15D,"BAY ST","LAGUNA ST",0.00,,Y,A,-,N,,,,,,,,,,N,4,0,1,2,A,-,12,21453,A,N,D,G,A,A,H,-,C,A,0,,Y,,,Y,,L,04,0,0,1,0,0,0,1,0,0,"- ","- ",,,"SAN FRANCISCO","SAN FRANCISCO",-122.43167877197266,37.803276062011719
9561285,2023,2023-04-12,3801,2023-02-24,1757,1931,NORTH,5,5,7,3801,0,0,0,,0,3E13A,"EDDY ST","VAN NESS AV",0.00,,Y,A,-,N,,,,,,,,,,N,4,0,1,2,B,-,22,,,F,D,G,A,A,H,-,C,A,0,,Y,,,Y,,A,01,0,0,1,0,0,0,1,0,0,"- ","- ",,,"SAN FRANCISCO","SAN FRANCISCO",-122.42076110839844,37.782890319824219
9566798,2022,2023-05-18,3801,2022-08-19,1200,1442,NORTH,5,5,7,3801,0,0,0,,0,3E12D,"POLK ST","PINE ST",0.00,,Y,A,-,N,,,,,,,,,,N,2,0,1,2,A,-,03,22350,,N,C,G,A,A,H,-,A,A,0,,Y,,,Y,,A,01,1,0,0,0,0,0,1,0,0,"- ","- ",,,"SAN FRANCISCO","SAN FRANCISCO",-122.42050170898438,37.789642333984375
9572301,2023,2023-06-07,3801,2023-05-14,1223,719,CENTR,7,5,7,3801,0,0,0,,0,3A12A,"MARKET ST",MONTGOMERY,0.00,,Y,A,-,N,,,,,,,,,,N,4,0,1,2,A,-,10,21950,A,N,E,G,A,A,H,-,A,A,0,,Y,,,Y,,A,01,0,0,1,0,0,0,1,0,0,"- ","- ",,,"SAN FRANCISCO","SAN FRANCISCO",-122.40199279785156,37.788768768310547
9572308,2023,2023-06-07,3801,2023-05-13,1519,2408,MISSI,6,5,7,3801,0,0,0,,0,3D14D,"TREAT WY","CESAR CHAVEZ ST",0.00,,Y,A,-,N,,,,,,,,,,N,3,0,1,2,A,-,08,22107,,N,D,G,A,A,H,-,A,A,0,,Y,,,Y,,A,01,0,1,0,0,0,0,1,0,0,"- ","- ",,,"SAN FRANCISCO","SAN FRANCISCO",-122.41259002685547,37.748329162597656
9573284,2023,2023-05-13,3801,2023-04-19,1245,504,NORTH,3,5,7,3801,0,0,0,,0,3E15A,"CHESTNUT ST","BUCHANAN ST",95.00,E,N,A,-,N,,,,,,,,,,N,4,0,1,1,A,-,"- ",,,N,F,A,A,A,H,-,A,A,0,,Y,,,Y,,L,04,0,0,1,0,0,0,1,0,0,"- ","- ",,,"SAN FRANCISCO","SAN FRANCISCO",-122.43263244628906,37.801273345947266
9573287,2023,2023-05-13,3801,2023-04-26,1420,2091,NORTH,3,5,7,3801,0,0,0,,0,3E15D,"MARINA BL","DIVISADERO ST",45.00,E,N,A,-,N,,,,,,,,,,N,2,0,2,2,A,-,17,21461,A,N,G,B,F,A,H,-,A,D,0,Y,Y,,,Y,,L,04,1,0,1,0,1,0,1,0,0,"- ","- ",,,"SAN FRANCISCO","SAN FRANCISCO",-122.44384765625,37.805606842041016
9573329,2023,2023-05-11,3801,2023-04-01,0115,4115,CENTR,6,5,7,3801,0,0,0,,0,3A12E,"POST ST","KEARNY ST",0.00,,Y,A,-,N,,,,,,,,,,N,4,0,1,2,A,-,09,21453,B,N,D,G,A,A,H,-,C,A,0,,Y,,,Y,,A,07,0,0,1,0,0,0,1,0,0,"- ","- ",,,"SAN FRANCISCO","SAN FRANCISCO",-122.40365600585938,37.788902282714844
9573354,2023,2023-05-13,3801,2023-04-12,0710,4132,MISS,3,5,7,3801,0,0,0,,0,6CAR,"14TH ST","SOUTH VAN NESS AV",0.00,,Y,A,-,N,,,,,,,,,,N,4,0,1,2,A,-,04,21703,,N,C,G,A,A,H,-,A,A,0,,Y,,,Y,,L,04,0,0,1,0,0,0,1,0,0,"- ","- ",,,"SAN FRANCISCO","SAN FRANCISCO",-122.41780090332031,37.768417358398438
9575946,2023,2023-06-13,3801,2023-04-05,2205,2390,MISSI,3,5,7,3801,0,0,0,,0,3D15E,"MISSION ST","18TH ST",0.00,,Y,A,-,N,,,,,,,,,,N,4,0,1,2,A,-,12,21453,A,F,H,G,A,A,H,-,C,A,0,,Y,,,Y,,A,01,0,0,1,0,0,0,1,0,0,"- ","- ",,,"SAN FRANCISCO","SAN FRANCISCO",-122.41936492919922,37.7618408203125
9576075,2023,2023-05-11,3801,2023-04-11,2124,1830,CENTR,2,5,7,3801,0,0,0,,0,3A11E,"SAMSOME ST","PACIFIC AV",0.00,,Y,A,-,N,,,,,,,,,,N,3,0,1,1,D,-,00,,,N,H,A,A,A,H,-,C,A,0,,Y,,,Y,,-,"- ",0,1,0,0,0,0,1,0,0,"- ","- ",,,"SAN FRANCISCO","SAN FRANCISCO",-122.40203094482422,37.797508239746094
9576085,2023,2023-05-10,3801,2023-04-14,2059,2094,TENDE,5,5,7,3801,0,0,0,,0,3J12D,"6TH ST","STEVENSON ST",0.00,,Y,A,-,N,,,,,,,,,,N,3,0,1,3,A,-,12,22450,A,N,A,C,A,A,H,-,C,B,0,,Y,,,Y,,L,04,0,1,0,0,0,0,1,0,0,"- ","- ",,,"SAN FRANCISCO","SAN FRANCISCO",-122.40966796875,37.781764984130859
9576096,2023,2023-05-10,3801,2023-04-03,0840,1796,RICHM,1,5,7,3801,0,0,0,,0,3G14A,ANZA,"17TH AV",0.00,,Y,A,-,N,,,,,,,,,,N,4,0,1,3,A,-,10,21950,A,N,G,G,B,A,H,-,A,D,0,Y,Y,,,Y,,A,01,0,0,1,0,0,0,1,0,0,"- ","- ",,,"SAN FRANCISCO","SAN FRANCISCO",-122.47602844238281,37.778545379638672
9576119,2023,2023-05-10,3801,2023-04-12,1806,4201,TENDE,3,5,7,3801,0,0,0,,0,3J15D,ELLIS,"CYRIL MAGNIN ST",0.00,,Y,A,-,N,,,,,,,,,,N,2,0,1,2,A,-,12,21453,,N,D,G,A,A,H,-,A,A,0,,Y,,,Y,,L,04,1,0,0,0,0,0,1,0,0,"- ","- ",,,"SAN FRANCISCO","SAN FRANCISCO",-122.40866088867188,37.785427093505859
9576136,2023,2023-05-10,3801,2023-04-18,1735,A09968,PARK,2,5,7,3801,0,0,0,,0,3F13D,"FELL ST","SHRADER ST",0.00,,Y,A,-,N,,,,,,,,,,N,4,0,1,2,A,-,12,21453,A,N,D,G,A,A,H,-,A,A,0,,Y,,,Y,,A,01,0,0,1,0,0,0,1,0,0,"- ","- ",,,"SAN FRANCISCO","SAN FRANCISCO",-122.45240783691406,37.77215576171875
9576311,2023,2023-05-09,3801,2023-03-17,0711,1796,RICHM,5,5,7,3801,0,0,0,,0,3G14A,"CABRILLO ST","30TH AV",0.00,,Y,A,-,N,,,,,,,,,,N,4,0,1,2,A,-,12,22450,,N,-,G,A,A,H,-,A,D,0,,Y,,,Y,,A,01,0,0,1,0,0,0,1,0,0,"- ","- ",,,"SAN FRANCISCO","SAN FRANCISCO",-122.48967742919922,37.774188995361328
9578723,2023,2023-05-15,3801,2023-04-27,1600,1015,PARK,4,5,7,3801,0,0,0,,0,"3 CAR","MASONIC AV","FULTON ST",0.00,,Y,A,-,N,,,,,,,,,,N,2,0,1,2,A,-,08,22107,,F,B,G,A,A,H,-,A,A,0,,Y,,,Y,,A,01,1,0,0,0,0,0,1,0,0,"- ","- ",,,"SAN FRANCISCO","SAN FRANCISCO",-122.44647216796875,37.775791168212891
9579923,2023,2023-06-21,3801,2023-05-19,2011,4040,SOUTH,5,5,7,3801,0,0,0,,0,3B13E,"MISSION ST","6TH ST",49.00,W,N,A,-,N,,,,,,,,,,N,3,0,1,2,A,-,05,21651,B,N,G,A,E,A,H,-,C,D,0,Y,Y,,,Y,,L,04,0,1,0,0,1,0,0,0,0,"- ","- ",,,"SAN FRANCISCO","SAN FRANCISCO",-122.4088134765625,37.780887603759766
9579938,2023,2023-06-21,3801,2023-05-14,0848,4125,RICHM,7,5,7,3801,0,0,0,,0,3G15A,"CABRILLO ST","43RD AV",0.00,,Y,B,-,N,,,,,,,,,,N,3,0,1,2,A,-,12,22450,A,N,D,G,A,A,H,-,A,A,0,,Y,,,Y,,L,04,0,1,0,0,0,0,1,0,0,"- ","- ",,,"SAN FRANCISCO","SAN FRANCISCO",-122.50362396240234,37.7735595703125
9579945,2023,2023-06-21,3801,2023-05-16,2115,2463,SOUTH,2,5,7,3801,0,0,0,,0,3B13E,"7TH ST","HOWARD ST",0.00,,Y,A,-,N,,,,,,,,,,N,4,0,1,2,A,-,05,21650,1,F,A,G,A,A,H,-,C,A,0,,Y,,,Y,,L,04,0,0,1,0,0,0,1,0,0,"- ","- ",,,"SAN FRANCISCO","SAN FRANCISCO",-122.40940093994141,37.777976989746094
9591113,2023,2023-07-11,3801,2023-06-08,0821,681,SOUTH,4,5,7,3801,0,0,0,,0,3B13A,"FOLSOM ST","SHERMAN ST",0.00,,Y,A,-,N,,,,,,,,,,N,3,0,1,2,A,-,05,21650,,N,D,G,A,A,H,-,A,D,0,,Y,,,Y,,L,04,0,1,0,0,0,0,1,0,0,"- ","- ",,,"SAN FRANCISCO","SAN FRANCISCO",-122.40702056884766,37.777408599853516
9591705,2023,2023-07-13,3801,2023-06-25,0050,392,MISSI,7,5,7,3801,0,0,0,,0,0D2,"CASTRO ST","CLIPPER ST",0.00,,Y,A,-,N,,,,,,,,,,N,4,0,1,2,A,-,12,22450,A,N,D,G,A,A,H,-,C,A,0,,Y,,,Y,,L,04,0,0,1,0,0,0,1,0,0,"- ","- ",,,"SAN FRANCISCO","SAN FRANCISCO",-122.433837890625,37.748897552490234
9591751,2023,2023-07-12,3801,2023-06-13,2120,317,CENTR,2,5,7,3801,0,0,0,,0,SECTOR,"POST ST","TAYLOR ST",180.00,E,N,A,-,N,,,,,,,,,,N,3,0,1,2,A,-,08,22107,,N,B,G,A,A,H,-,C,D,0,,Y,,,Y,,A,01,0,1,0,0,0,0,1,0,0,"- ","- ",,,"SAN FRANCISCO","SAN FRANCISCO",-122.41108703613281,37.787929534912109
9591840,2023,2023-07-18,3801,2023-05-16,0800,654,PARK,2,5,7,3801,0,0,0,,0,,"THE EMBARCADERO","WASHINGTON ST",0.00,,Y,A,-,N,,,,,,,,,,N,2,0,1,2,A,-,12,21453,A,N,D,-,A,A,H,-,A,A,0,,Y,,,Y,,L,04,1,0,0,0,0,0,1,0,0,"- ","- ",,,"SAN FRANCISCO","SAN FRANCISCO",-122.39556121826172,37.796642303466797
9595782,2023,2023-07-19,3801,2023-05-12,1144,186,TRAFF,5,5,7,3801,0,0,0,,0,4BIG,"EDDY ST","EDDY ST 301",34.00,N,N,A,-,N,,,,,,,,,,N,4,0,1,2,A,-,09,21801,A,N,D,G,A,A,H,-,A,D,0,,Y,,,Y,,J,48,0,0,1,0,0,0,1,0,0,"- ","- ",,,"SAN FRANCISCO","SAN FRANCISCO",,
9602283,2023,2023-08-10,3801,2023-06-23,1240,8,NORTH,5,5,7,3801,0,0,0,,0,3E11A,"HAIGHT ST","DIVISADERO ST",78.00,E,N,A,-,N,,,,,,,,,,N,4,0,1,2,A,-,08,22107,,F,D,G,A,A,H,-,A,D,0,,Y,,,Y,Y,A,01,0,0,1,0,0,0,1,0,0,"- ","- ",,,"SAN FRANCISCO","SAN FRANCISCO",-122.43677520751953,37.771305084228516
9602295,2023,2023-08-10,3801,2023-06-18,1853,2305,TRAFF,7,5,7,3801,0,0,0,,0,4B3F,"EMBARCADERO NORTH","KEARNY ST",37.00,S,N,A,-,N,,,,,,,,,,Y,4,0,1,2,A,-,03,22350,,F,D,G,A,A,H,-,A,A,0,,Y,,,Y,,A,01,0,0,1,0,0,0,1,0,0,"- ","- ",,,"SAN FRANCISCO","SAN FRANCISCO",-122.40719604492188,37.807353973388672