CASE_ID,ACCIDENT_YEAR,PROC_DATE,JURIS,COLLISION_DATE,COLLISION_TIME,OFFICER_ID,REPORTING_DISTRICT,DAY_OF_WEEK,CHP_SHIFT,POPULATION,CNTY_CITY_LOC,SPECIAL_COND,BEAT_TYPE,CHP_BEAT_TYPE,CITY_DIVISION_LAPD,CHP_BEAT_CLASS,BEAT_NUMBER,PRIMARY_RD,SECONDARY_RD,DISTANCE,DIRECTION,INTERSECTION,WEATHER_1,WEATHER_2,STATE_HWY_IND,CALTRANS_COUNTY,CALTRANS_DISTRICT,STATE_ROUTE,ROUTE_SUFFIX,POSTMILE_PREFIX,POSTMILE,LOCATION_TYPE,RAMP_INTERSECTION,SIDE_OF_HWY,TOW_AWAY,COLLISION_SEVERITY,NUMBER_KILLED,NUMBER_INJURED,PARTY_COUNT,PRIMARY_COLL_FACTOR,PCF_CODE_OF_VIOL,PCF_VIOL_CATEGORY,PCF_VIOLATION,PCF_VIOL_SUBSECTION,HIT_AND_RUN,TYPE_OF_COLLISION,MVIW,PED_ACTION,ROAD_SURFACE,ROAD_COND_1,ROAD_COND_2,LIGHTING,CONTROL_DEVICE,CHP_ROAD_TYPE,PEDESTRIAN_ACCIDENT,BICYCLE_ACCIDENT,MOTORCYCLE_ACCIDENT,TRUCK_ACCIDENT,NOT_PRIVATE_PROPERTY,ALCOHOL_INVOLVED,STWD_VEHTYPE_AT_FAULT,CHP_VEHTYPE_AT_FAULT,COUNT_SEVERE_INJ,COUNT_VISIBLE_INJ,COUNT_COMPLAINT_PAIN,COUNT_PED_KILLED,COUNT_PED_INJURED,COUNT_BICYCLIST_KILLED,COUNT_BICYCLIST_INJURED,COUNT_MC_KILLED,COUNT_MC_INJURED,PRIMARY_RAMP,SECONDARY_RAMP,LATITUDE,LONGITUDE,COUNTY,CITY,POINT_X,POINT_Y
9704053,2024,2024-07-01,3801,2024-05-16,1318,2384,TARAV,4,5,7,3801,0,0,0,,0,060016,"MARTIN LUTHER KING JR DR","SUNSET BL",0.00,,Y,A,-,N,,,,,,,,,,N,3,0,1,2,A,-,10,21950,A,N,D,G,A,A,-,-,A,D,0,,Y,,,Y,,A,01,0,1,0,0,0,0,1,0,0,"- ","- ",,,"SAN FRANCISCO","SAN FRANCISCO",-122.4962158203125,37.76544189453125
9704076,2024,2024-06-28,3801,2024-05-10,1715,1148,MISSI,5,5,7,3801,0,0,0,,0,3D15D,"MISSION ST","14TH ST",0.00,,Y,A,-,N,,,,,,,,,,N,3,0,1,2,A,-,08,22107,,N,D,G,A,A,H,-,A,A,0,,Y,,,Y,,A,01,0,1,0,0,0,0,1,0,0,"- ","- ",,,"SAN FRANCISCO","SAN FRANCISCO",-122.41996765136719,37.768291473388672
9704953,2024,2024-07-02,3801,2024-05-02,0059,866,SOUTH,4,5,7,3801,0,0,0,,0,3B12E,"MARKET ST","LAGUNA ST",11.00,S,N,A,-,N,,,,,,,,,,N,3,0,1,2,A,-,04,21703,,F,C,G,A,A,H,-,C,A,0,,Y,,,Y,Y,D,23,0,1,0,0,0,0,1,0,0,"- ","- ",,,"SAN FRANCISCO","SAN FRANCISCO",-122.42486572265625,37.770721435546875
9704956,2024,2024-08-08,3801,2024-03-26,1315,1422,TRAFF,2,5,7,3801,0,0,0,,0,,"STOCKTON TUNL","SACRAMENTO ST",506.00,S,N,A,-,N,,,,,,,,,,N,2,0,1,2,A,-,03,22350,,N,C,G,A,A,H,-,C,D,0,,Y,,,Y,,D,82,1,0,0,0,0,0,1,0,0,"- ","- ",,,"SAN FRANCISCO","SAN FRANCISCO",-122.40765380859375,37.792781829833984
9705137,2024,2024-07-01,3801,2024-05-10,1730,307,NORTH,5,5,7,3801,0,0,0,,0,3E13D,"POLK ST","POST ST",50.00,N,N,A,-,N,,,,,,,,,,N,4,0,1,3,A,-,17,22517,,N,B,G,A,A,H,-,A,D,0,,Y,,,Y,,A,01,0,0,1,0,0,0,1,0,0,"- ","- ",,,"SAN FRANCISCO","SAN FRANCISCO",-122.41992950439453,37.786964416503906
9705166,2024,2024-07-18,3801,2024-05-02,1355,1669,TENDE,4,5,7,3801,0,0,0,,0,3J97C,"TURK ST","JONES ST",15.00,W,N,A,-,N,,,,,,,,,,N,2,0,1,1,A,-,03,22350,,N,H,G,A,A,H,-,A,A,0,,Y,,,Y,,L,04,1,0,0,0,0,0,1,0,0,"- ","- ",,,"SAN FRANCISCO","SAN FRANCISCO",-122.41246032714844,37.782993316650391
9705272,2024,2024-06-27,3801,2024-04-26,1009,8,NORTH,5,5,7,3801,0,0,0,,0,3E60,"GOUGH ST","PAGE ST",0.00,,Y,A,-,N,,,,,,,,,,N,3,0,1,2,A,-,12,21453,A,N,-,G,A,-,H,-,A,A,0,,Y,,,Y,,A,01,0,1,0,0,0,0,1,0,0,"- ","- ",,,"SAN FRANCISCO","SAN FRANCISCO",-122.42240905761719,37.774070739746094
9705273,2024,2024-06-27,3801,2024-04-26,2245,1622,NORTH,5,5,7,3801,0,0,0,,0,3E103,"DIVISADERO ST","GROVE ST",122.00,S,N,A,-,N,,,,,,,,,,N,4,0,1,2,A,-,03,22350,,F,C,G,A,A,H,-,C,A,0,,Y,,,Y,,A,01,0,0,1,0,0,0,1,0,0,"- ","- ",,,"SAN FRANCISCO","SAN FRANCISCO",-122.43791961669922,37.775600433349609
9705285,2024,2024-06-27,3801,2024-03-31,2225,917,TRAFF,7,5,7,3801,0,0,0,,0,4B2E,"MARKET ST","OCTAVIA ST",0.00,,Y,A,-,N,,,,,,,,,,N,2,0,1,2,A,-,08,22107,,F,D,G,A,A,H,-,C,A,0,,Y,,,Y,,-,99,1,0,0,0,0,0,1,0,0,"- ","- ",,,"SAN FRANCISCO","SAN FRANCISCO",-122.42359161376953,37.771774291992188
9708081,2024,2024-08-09,3801,2024-06-13,0005,2463,SOUTH,4,5,7,3801,0,0,0,,0,3B11E,"MISSION ST","7TH ST",0.00,,Y,A,-,N,,,,,,,,,,N,4,0,1,2,A,-,08,22101,D,F,D,G,A,A,H,-,C,A,0,,Y,,,Y,,A,01,0,0,1,0,0,0,1,0,0,"- ","- ",,,"SAN FRANCISCO","SAN FRANCISCO",-122.41089630126953,37.779209136962891
9708122,2024,2024-08-09,3801,2024-06-27,0930,1857,SOUTH,4,5,7,3801,0,0,0,,0,002,"FOLSOM ST","5TH ST",0.00,,Y,A,-,N,,,,,,,,,,N,3,0,1,2,A,-,08,22100,A,N,B,G,A,A,H,-,A,D,0,,Y,,,Y,,A,01,0,1,0,0,0,0,1,0,0,"- ","- ",,,"SAN FRANCISCO","SAN FRANCISCO",-122.40340423583984,37.7802734375
9708138,2024,2024-08-12,3801,2024-06-04,1030,4294,NORTH,2,5,7,3801,0,0,0,,0,0E3,"POLK ST","OLIVE ST",0.00,,Y,A,-,N,,,,,,,,,,N,3,0,1,2,A,-,05,21650,1,N,A,G,A,A,H,-,A,D,0,,Y,,,Y,,L,04,0,1,0,0,0,0,1,0,0,"- ","- ",,,"SAN FRANCISCO","SAN FRANCISCO",-122.41944885253906,37.784492492675781
9708150,2024,2024-07-26,3801,2024-06-10,0906,1572,SOUTH,1,5,7,3801,0,0,0,,0,3B1A,"BEALE ST","FOLSOM ST",0.00,,Y,A,-,N,,,,,,,,,,N,4,0,1,2,A,-,17,22517,,N,B,G,A,A,H,-,A,D,0,,Y,,,Y,,A,01,0,0,1,0,0,0,1,0,0,"- ","- ",,,"SAN FRANCISCO","SAN FRANCISCO",-122.39271545410156,37.788715362548828
9708159,2024,2024-07-29,3801,2024-06-01,1325,1967,NORTH,6,5,7,3801,0,0,0,,0,3E12A,"PIERCE ST","HAIGHT ST",0.00,,Y,A,-,N,,,,,,,,,,N,3,0,1,2,A,-,05,21752,,N,B,G,A,A,H,-,A,A,0,,Y,Y,,Y,,C,02,0,1,0,0,0,0,1,0,0,"- ","- ",,,"SAN FRANCISCO","SAN FRANCISCO",-122.43373107910156,37.771686553955078
9708203,2024,2024-08-07,3801,2024-06-13,2225,2457,SOUTH,4,5,7,3801,0,0,0,,0,3B4E,"OCTAVIA ST","MARKET ST",0.00,,Y,A,-,N,,,,,,,,,,N,3,0,1,2,A,-,17,21461,A,F,D,G,A,A,H,-,C,A,0,,Y,,,Y,,A,01,0,1,0,0,0,0,1,0,0,"- ","- ",,,"SAN FRANCISCO","SAN FRANCISCO",-122.42359161376953,37.771774291992188
9708207,2024,2024-08-15,3801,2024-06-15,2129,2465,TENDE,6,5,7,3801,0,0,0,,0,3J13D,"TAYLOR ST","GOLDEN GATE AV",140.00,N,N,A,-,N,,,,,,,,,,N,3,0,2,2,A,-,08,22107,,N,B,G,A,A,H,-,C,D,0,,Y,,,Y,,-,"- ",0,1,1,0,0,0,1,0,0,"- ","- ",,,"SAN FRANCISCO","SAN FRANCISCO",-122.41069793701172,37.78277587890625
9708229,2024,2024-08-30,3801,2024-06-14,1730,1052,RICHM,5,5,7,3801,0,0,0,,0,3G15D,"JOHN F KENNEDY DR","GREAT HWY",406.00,E,N,A,-,N,,,,,,,,,,N,3,0,1,2,A,-,09,21801,A,N,B,G,A,A,H,-,A,D,0,,Y,,,Y,,A,01,0,1,0,0,0,0,0,0,0,"- ","- ",,,"SAN FRANCISCO","SAN FRANCISCO",-122.50971984863281,37.770126342773438
9708232,2024,2024-08-08,3801,2024-06-13,2235,740,MISSI,4,5,7,3801,0,0,0,,0,0D4,"MISSION ST","24TH ST",0.00,,Y,A,-,N,,,,,,,,,,N,4,0,1,2,A,-,09,21801,A,N,D,G,A,A,H,-,C,A,0,,Y,,,Y,,A,01,0,0,1,0,0,0,1,0,0,"- ","- ",,,"SAN FRANCISCO","SAN FRANCISCO",-122.41848754882812,37.752262115478516
9708591,2024,2024-07-11,3801,2024-05-31,1734,359,TARAV,5,5,7,3801,0,0,0,,0,312D,"LINCOLN WY","31ST AVE",76.00,E,N,A,-,N,,,,,,,,,,N,3,0,1,2,D,-,00,,,N,C,G,A,A,H,-,A,D,0,,Y,,,Y,,-,"- ",0,1,0,0,0,0,1,0,0,"- ","- ",,,"SAN FRANCISCO","SAN FRANCISCO",-122.48984527587891,37.764911651611328
9708599,2024,2024-07-12,3801,2024-05-03,2159,1440,SOUTH,5,5,7,3801,0,0,0,,0,,"HARRISON ST","10TH ST",0.00,,Y,A,-,N,,,,,,,,,,Y,2,0,1,3,A,-,05,21650,,N,D,C,A,A,H,-,C,A,0,,Y,,,Y,,L,04,1,0,0,0,0,0,1,0,0,"- ","- ",,,"SAN FRANCISCO","SAN FRANCISCO",-122.41124725341797,37.771595001220703
9708604,2024,2024-07-11,3801,2024-05-04,0845,364,SOUTH,6,5,7,3801,0,0,0,,0,3B00,"16TH ST","3RD ST",0.00,,Y,A,-,N,,,,,,,,,,N,3,0,1,2,A,-,10,21950,A,N,D,G,A,A,H,-,A,D,0,,Y,,,Y,,A,01,0,1,0,0,0,0,1,0,0,"- ","- ",,,"SAN FRANCISCO","SAN FRANCISCO",-122.38920593261719,37.766944885253906
9708606,2024,2024-07-11,3801,2024-05-31,1330,707,TRAFF,5,5,7,3801,0,0,0,,0,4B3G,"1131 GUERRERO ST","GUERRERO ST 1131",0.00,,Y,A,-,N,,,,,,,,,,N,2,0,1,3,A,-,06,21750,,N,E,G,A,A,H,-,A,D,0,,Y,,,Y,,L,04,1,0,0,0,0,0,1,0,0,"- ","- ",,,"SAN FRANCISCO","SAN FRANCISCO",,
9710168,2024,2024-08-06,3801,2024-05-30,0930,2400,BAYVI,4,5,7,3801,0,0,0,,0,3CAR,"NEWHALL ST","FAIRFAX AV",80.00,N,N,A,-,N,,,,,,,,,,N,2,0,1,2,A,-,17,22517,,N,B,G,A,A,H,-,A,D,0,,Y,,,Y,,D,22,1,0,0,0,0,0,1,0,0,"- ","- ",,,"SAN FRANCISCO","SAN FRANCISCO",-122.38699340820312,37.741481781005859
9710178,2024,2024-07-18,3801,2024-05-15,1445,1679,SOUTH,3,5,7,3801,0,0,0,,0,3B14A,"FOLSOM ST","BEALE ST",0.00,,Y,A,-,N,,,,,,,,,,N,2,0,1,2,A,-,12,21453,A,N,D,G,A,A,H,-,A,A,0,,Y,,Y,Y,,L,04,1,0,0,0,0,0,1,0,0,"- ","- ",,,"SAN FRANCISCO","SAN FRANCISCO",-122.39271545410156,37.788715362548828
9728952,2024,2024-08-30,3801,2024-06-27,1702,1642,PARK,4,5,7,3801,0,0,0,,0,3F2D,"LAGUNA HONDA BL","PLAZA ST",0.00,,Y,A,-,N,,,,,,,,,,N,3,0,1,2,A,-,03,22350,,N,D,G,A,A,H,-,A,D,0,,Y,,,Y,,A,01,0,1,0,0,0,0,1,0,0,"- ","- ",,,"SAN FRANCISCO","SAN FRANCISCO",-122.45970916748047,37.748989105224609
91879083,2022,2022-09-30,9350,2022-09-22,1646,022556,,4,2,7,3801,0,1,2,,2,020,"US-101 S/B","ALEXANDER AVE U/C",1744.00,S,N,A,-,Y,,,,,,,,,,N,2,0,1,1,A,-,03,22350,,N,F,I,A,A,H,-,A,D,0,,Y,,,Y,,L,04,1,0,0,0,0,0,1,0,0,"- ","- ",37.8255615234375,-122.47931671142578,"SAN FRANCISCO","SAN FRANCISCO",-122.47953033447266,37.825527191162109
91917170,2022,2022-11-14,9335,2022-08-25,0851,022823,,4,1,7,3801,1,4,S,,2,901,"MISSION ST. AT 6TH ST.","7TH ST.",347.00,E,N,A,-,N,,,,,,,,,,N,3,0,1,2,A,-,12,22454,A,N,E,G,A,A,H,-,A,A,0,,Y,,,Y,,L,04,0,1,0,0,0,0,1,0,0,"- ","- ",37.780158996582031,-122.40969848632812,"SAN FRANCISCO","SAN FRANCISCO",-122.41005706787109,37.779888153076172
92054962,2023,2023-04-27,9350,2023-04-17,2220,022577,,1,3,7,3801,0,1,2,,1,120,"US-101 SOUTHBOUND","CONZELMAN ROAD",1800.00,S,N,A,G,Y,,,,,,,,,,Y,3,0,1,2,A,-,03,22350,,N,F,A,A,A,H,-,C,D,0,,Y,,,Y,Y,L,04,0,1,0,0,0,0,1,0,0,"- ","- ",37.825389862060547,-122.47930145263672,"SAN FRANCISCO","SAN FRANCISCO",-122.47950744628906,37.825359344482422
9209119,2020,2021-02-22,3801,2020-12-31,1257,1605,NORTH,4,5,7,3801,0,0,0,,0,,"SCOTT ST","MARINA BL",0.00,,Y,A,-,N,,,,,,,,,,,4,0,1,2,D,-,00,,,N,D,G,A,A,H,-,A,A,0,,Y,,,Y,,-,"- ",0,0,1,0,0,0,1,0,0,"- ","- ",,,"SAN FRANCISCO","SAN FRANCISCO",-122.44225311279297,37.805778503417969
92103090,2023,2023-06-27,9350,2023-06-15,1842,023095,,4,2,7,3801,0,1,2,,1,120,"US101 N/B (GGB MULTIUSE PATH)","LINCOLN BLVD",6864.00,N,N,A,G,Y,,,,,,,,,,N,3,0,1,1,A,-,03,22350,,N,F,A,A,A,H,-,A,D,0,,Y,,,Y,,L,04,0,1,0,0,0,0,1,0,0,"- ","- ",37.824600219726562,-122.47898864746094,"SAN FRANCISCO","SAN FRANCISCO",-122.47930145263672,37.824554443359375
9211845,2021,2021-04-15,3801,2021-03-08,1356,1251,,1,5,7,3801,0,0,0,,0,3C14D,"GOETTINGEN ST","DWIGHT ST",157.00,S,N,A,-,N,,,,,,,,,,N,2,0,1,1,A,-,03,22350,,N,E,I,A,A,H,-,A,D,0,,Y,,,Y,,L,04,1,0,0,0,0,0,1,0,0,"- ","- ",,,"SAN FRANCISCO","SAN FRANCISCO",-122.40508270263672,37.723270416259766
92208095,2023,2023-10-25,9350,2023-10-21,1750,022468,,6,2,7,3801,0,1,2,,2,020,"US-101 S/B","CONZELMAN ROAD",1742.00,S,N,A,-,Y,,,,,,,,,,N,3,0,1,1,A,-,03,22350,,N,E,I,A,A,H,-,A,D,0,,Y,,,Y,,L,04,0,1,0,0,0,0,1,0,0,"- ","- ",37.8255615234375,-122.47931671142578,"SAN FRANCISCO","SAN FRANCISCO",-122.47953033447266,37.825527191162109
9223615,2021,2021-03-23,3801,2021-01-09,1417,2455,CENTR,6,5,7,3801,0,0,0,,0,,"LOMBARD ST","THE EMBARCADERO",0.00,,Y,A,-,N,,,,,,,,,,,2,0,1,2,A,-,05,21650,1,N,H,G,A,A,H,-,A,A,0,,Y,,,Y,,L,04,1,0,0,0,0,0,1,0,0,"- ","- ",,,"SAN FRANCISCO","SAN FRANCISCO",-122.40220642089844,37.804168701171875
9223735,2021,2021-03-23,3801,2021-02-01,1029,2375,RICHM,1,5,7,3801,0,0,0,,0,3G60,"GEARY BL","5TH AV",14.00,E,N,A,-,N,,,,,,,,,,N,2,0,1,2,A,-,05,21202,A,N,A,G,A,A,H,-,A,A,0,,Y,,Y,Y,,L,04,1,0,0,0,0,0,1,0,0,"- ","- ",,,"SAN FRANCISCO","SAN FRANCISCO",-122.46318054199219,37.781143188476562
9223766,2021,2021-03-20,3801,2021-01-28,0145,4132,MISSI,4,5,7,3801,0,0,0,,0,CAR,"24TH ST","BRYANT ST",21.00,E,N,A,-,N,,,,,,,,,,N,4,0,1,2,A,-,08,22102,,N,B,G,A,B,H,-,A,A,0,,Y,,,Y,,A,01,0,0,1,0,0,0,1,0,0,"- ","- ",,,"SAN FRANCISCO","SAN FRANCISCO",-122.4090576171875,37.752822875976562
9223768,2021,2021-03-20,3801,2021-01-28,1315,807,INGLE,4,5,7,3801,0,0,0,,0,3H41,"OCEAN AV","SAN JOSE AV",42.00,N,N,C,-,N,,,,,,,,,,N,4,0,1,1,A,-,03,22350,,N,H,I,A,B,G,-,A,A,0,,Y,,,Y,,L,04,0,0,1,0,0,0,1,0,0,"- ","- ",,,"SAN FRANCISCO","SAN FRANCISCO",-122.44466400146484,37.722946166992188
9223817,2021,2021-03-23,3801,2021-01-04,2105,540,SOUTH,1,5,7,3801,0,0,0,,0,3B12,"HOWARD ST","MARY ST",55.00,E,N,A,-,N,,,,,,,,,,N,4,0,1,2,A,-,05,21651,B,N,F,A,A,A,H,-,C,D,0,,Y,Y,,Y,,L,04,0,0,1,0,0,0,0,0,1,"- ","- ",,,"SAN FRANCISCO","SAN FRANCISCO",-122.40557098388672,37.781005859375
9223824,2021,2021-03-29,3801,2021-01-01,0004,1730,TRAFF,5,5,7,3801,0,0,0,,0,4B1H,ELLIS,"CYRIL MAGNIN ST",0.00,,Y,A,-,N,,,,,,,,,,Y,3,0,1,2,A,-,05,21650,,F,A,G,A,A,H,-,C,A,0,,Y,,,Y,,L,04,0,1,0,0,0,0,1,0,0,"- ","- ",,,"SAN FRANCISCO","SAN FRANCISCO",-122.40866088867188,37.785427093505859
9223825,2021,2021-03-29,3801,2021-01-06,1745,309,TARAV,3,5,7,3801,0,0,0,,0,,"VICENTE ST","SUNSET BL",0.00,,Y,A,-,N,,,,,,,,,,N,3,0,1,2,A,-,09,21801,,N,B,G,A,B,H,-,C,A,0,,Y,,,Y,,A,01,0,1,0,0,0,0,1,0,0,"- ","- ",,,"SAN FRANCISCO","SAN FRANCISCO",-122.49427032470703,37.738502502441406
9223884,2021,2021-06-02,3801,2021-01-06,0258,798,NORTH,3,5,7,3801,0,0,0,,0,3E13E,"POLK ST","ELLIS ST",0.00,,Y,A,-,N,,,,,,,,,,N,4,0,1,2,A,-,05,21650,1,F,D,G,A,B,H,-,C,A,0,,Y,,,Y,,L,04,0,0,1,0,0,0,1,0,0,"- ","- ",,,"SAN FRANCISCO","SAN FRANCISCO",-122.41934967041016,37.784042358398438
9223898,2021,2021-06-02,3801,2021-01-29,1640,WONG,TARAV,5,5,7,3801,0,0,0,,0,,"SKYLINE BL","GREAT HWY",0.00,,Y,A,-,N,,,,,,,,,,N,3,0,1,2,A,-,12,22450,,N,D,G,A,B,H,-,A,A,0,,Y,,,Y,,L,04,0,1,0,0,0,0,1,0,0,"- ","- ",,,"SAN FRANCISCO","SAN FRANCISCO",-122.50299835205078,37.725273132324219
9223903,2021,2021-03-22,3801,2021-01-10,1648,1074,MISSI,7,5,7,3801,0,0,0,,0,3D15D,"MISSION ST","21ST ST",63.00,N,N,A,-,N,,,,,,,,,,N,3,0,1,2,A,-,09,21804,A,N,B,G,A,A,H,-,B,A,0,,Y,,,Y,,A,01,0,1,0,0,0,0,1,0,0,"- ","- ",,,"SAN FRANCISCO","SAN FRANCISCO",-122.41893768310547,37.757194519042969
9223913,2021,2021-03-22,3801,2021-01-25,1939,540,SOUTH,1,5,7,3801,0,0,0,,0,0B4,"MARKET ST","VALENCIA ST",0.00,,Y,A,-,N,,,,,,,,,,Y,2,0,1,2,A,-,08,22107,,N,D,-,A,A,H,-,C,A,0,,Y,Y,,Y,,L,04,1,0,0,0,0,0,1,0,0,"- ","- ",,,"SAN FRANCISCO","SAN FRANCISCO",-122.42262268066406,37.772548675537109
9224045,2021,2021-03-17,3801,2021-01-14,1849,1544,CENTR,4,5,7,3801,0,0,0,,0,,"STOCKTON ST","BAY SHORE BL",34.00,S,N,-,-,N,,,,,,,,,,N,3,0,1,1,A,-,03,22350,,N,H,J,A,A,H,-,C,D,0,,Y,,,Y,,L,04,0,1,0,0,0,0,1,0,0,"- ","- ",,,"SAN FRANCISCO","SAN FRANCISCO",-122.4102783203125,37.805950164794922
9224051,2021,2021-03-22,3801,2021-01-05,1430,1052,RICHM,2,5,7,3801,0,0,0,,0,3G4C,"JOHN F KENNEDY DR","30TH AV",0.00,,Y,A,-,N,,,,,,,,,,N,3,0,1,2,A,-,09,21804,A,N,B,G,A,A,H,-,A,D,0,,Y,,,Y,,A,01,0,1,0,0,0,0,1,0,0,"- ","- ",,,"SAN FRANCISCO","SAN FRANCISCO",-122.48981475830078,37.770893096923828
9227527,2021,2021-04-12,3801,2021-02-09,1832,2124,TENDE,2,5,7,3801,0,0,0,,0,3J12D,"MARKET ST","5TH ST",0.00,,Y,A,-,N,,,,,,,,,,N,3,0,1,2,A,-,17,21200,A,N,H,G,A,B,H,-,C,A,0,,Y,,,Y,,L,04,0,1,0,0,0,0,1,0,0,"- ","- ",,,"SAN FRANCISCO","SAN FRANCISCO",-122.40805816650391,37.78399658203125
9227534,2021,2021-04-12,3801,2021-02-06,0930,1846,TENDE,6,5,7,3801,0,0,0,,0,3J14A,"LEAVENWORTH ST","MCALLISTER ST",0.00,,Y,A,-,N,,,,,,,,,,N,4,0,1,2,A,-,17,21657,,F,B,G,A,A,H,-,A,A,0,,Y,,,Y,,L,04,0,0,1,0,0,0,1,0,0,"- ","- ",,,"SAN FRANCISCO","SAN FRANCISCO",-122.41368865966797,37.780929565429688
9227542,2021,2021-04-13,3801,2021-02-21,1445,4314,RICHM,7,5,7,3801,0,0,0,,0,0G4,"CALIFORNIA ST","15TH AV",10.00,W,N,A,-,N,,,,,,,,,,N,2,0,1,1,D,-,00,,,N,F,A,A,A,H,-,A,D,0,,Y,,,Y,,-,"- ",1,0,0,0,0,0,1,0,0,"- ","- ",,,"SAN FRANCISCO","SAN FRANCISCO",-122.47429656982422,37.784366607666016
9227547,2021,2021-04-13,3801,2021-02-16,1553,1435,TRAFF,2,5,7,3801,0,0,0,,0,4B4I,"LAKE MERCED BL","HIGUERA AV",346.00,N,N,A,-,N,,,,,,,,,,N,4,0,1,2,A,-,03,22350,,N,H,B,F,A,H,-,A,D,0,Y,Y,,,Y,,L,04,0,0,1,0,1,0,0,0,0,"- ","- ",,,"SAN FRANCISCO","SAN FRANCISCO",-122.48511505126953,37.719261169433594
9227562,2021,2021-04-07,3801,2021-02-11,2045,713,CENTR,4,5,7,3801,0,0,0,,0,3A14D,"STOCKTON ST","JACKSON ST",128.00,N,N,A,-,N,,,,,,,,,,N,3,0,1,2,A,-,03,22350,,N,C,C,A,B,H,-,C,A,0,,Y,,,Y,,A,01,0,1,0,0,0,0,1,0,0,"- ","- ",,,"SAN FRANCISCO","SAN FRANCISCO",-122.40829467773438,37.796176910400391
9227575,2021,2021-04-07,3801,2021-02-15,1550,1832,TENDE,1,5,7,3801,0,0,0,,0,3J11C,"LEAVENWORTH ST","TURK ST",0.00,,Y,A,-,N,,,,,,,,,,N,3,0,1,2,A,-,12,21453,A,N,D,G,A,A,H,-,A,A,0,,Y,,,Y,,A,01,0,1,0,0,0,0,1,0,0,"- ","- ",,,"SAN FRANCISCO","SAN FRANCISCO",-122.41403961181641,37.782802581787109
9227581,2021,2021-03-27,3801,2021-02-14,1150,73,TRAFF,7,5,7,3801,0,0,0,,0,4K1G,"JOHN F KENNEDY DR","STANYAN ST",0.00,,Y,A,B,N,,,,,,,,,,N,2,0,1,1,C,-,18,,,N,H,-,A,A,H,-,-,A,0,,Y,,,Y,,-,"- ",1,0,0,0,0,0,1,0,0,"- ","- ",,,"SAN FRANCISCO","SAN FRANCISCO",-122.45400238037109,37.771507263183594
9227598,2021,2021-03-27,3801,2021-02-13,1230,2164,MISSI,6,5,7,3801,0,0,0,,0,3D13A,"FOLSOM ST","21ST ST",0.00,,Y,A,-,N,,,,,,,,,,N,4,0,1,2,A,-,09,21801,A,F,-,G,A,A,H,-,C,A,0,,Y,,,Y,,-,,0,0,1,0,0,0,1,0,0,"- ","- ",,,"SAN FRANCISCO","SAN FRANCISCO",-122.41452026367188,37.757305145263672
9227599,2021,2021-03-27,3801,2021-02-12,2352,1463,SOUTH,5,5,7,3801,0,0,0,,0,0B2,"5TH ST","HARRISON ST",0.00,,Y,A,-,N,,,,,,,,,,N,3,0,1,3,A,-,05,21650,1,N,H,A,A,A,H,-,C,A,0,,Y,Y,,Y,,L,04,0,1,0,0,0,0,0,0,1,"- ","- ",,,"SAN FRANCISCO","SAN FRANCISCO",-122.40187072753906,37.779056549072266
9228165,2021,2021-03-26,3801,2021-02-28,1552,1239,MISSI,7,5,7,3801,0,0,0,,0,5CAR,"MISSION ST","14TH ST",0.00,,Y,A,-,N,,,,,,,,,,N,4,0,1,2,A,-,12,21453,A,N,H,G,A,A,H,-,A,A,0,,Y,,,Y,,L,04,0,0,1,0,0,0,1,0,0,"- ","- ",,,"SAN FRANCISCO","SAN FRANCISCO",-122.41996765136719,37.768291473388672
9228187,2021,2021-03-23,3801,2021-02-18,0631,1482,TENDE,4,5,7,3801,0,0,0,,0,3J13A,"LARKIN ST","WILLOW ST",0.00,,Y,A,-,N,,,,,,,,,,N,2,0,1,2,A,-,17,21657,,N,A,G,A,A,H,-,B,A,0,,Y,,,Y,,L,04,1,0,0,0,0,0,1,0,0,"- ","- ",,,"SAN FRANCISCO","SAN FRANCISCO",-122.41762542724609,37.783782958984375
9228205,2021,2021-03-23,3801,2021-02-23,1304,4001,MISSI,2,5,7,3801,0,0,0,,0,3D11C,"MARKET ST","SANCHEZ ST",0.00,,Y,A,-,N,,,,,,,,,,N,4,0,1,2,A,-,08,22101,D,N,D,G,A,A,H,-,A,A,0,,Y,,,Y,,A,01,0,0,1,0,0,0,1,0,0,"- ","- ",,,"SAN FRANCISCO","SAN FRANCISCO",-122.43100738525391,37.765979766845703
9228206,2021,2021-03-23,3801,2021-02-21,1710,278,TENDE,7,5,7,3801,0,0,0,,0,3J13D,"MARKET ST","9TH ST",0.00,,Y,A,-,N,,,,,,,,,,N,4,0,1,1,A,-,03,22350,,N,-,-,A,A,H,-,-,-,0,,Y,,,Y,,L,04,0,0,1,0,0,0,1,0,0,"- ","- ",,,"SAN FRANCISCO","SAN FRANCISCO",-122.41632843017578,37.777500152587891