CASE_ID,ACCIDENT_YEAR,PROC_DATE,JURIS,COLLISION_DATE,COLLISION_TIME,OFFICER_ID,REPORTING_DISTRICT,DAY_OF_WEEK,CHP_SHIFT,POPULATION,CNTY_CITY_LOC,SPECIAL_COND,BEAT_TYPE,CHP_BEAT_TYPE,CITY_DIVISION_LAPD,CHP_BEAT_CLASS,BEAT_NUMBER,PRIMARY_RD,SECONDARY_RD,DISTANCE,DIRECTION,INTERSECTION,WEATHER_1,WEATHER_2,STATE_HWY_IND,CALTRANS_COUNTY,CALTRANS_DISTRICT,STATE_ROUTE,ROUTE_SUFFIX,POSTMILE_PREFIX,POSTMILE,LOCATION_TYPE,RAMP_INTERSECTION,SIDE_OF_HWY,TOW_AWAY,COLLISION_SEVERITY,NUMBER_KILLED,NUMBER_INJURED,PARTY_COUNT,PRIMARY_COLL_FACTOR,PCF_CODE_OF_VIOL,PCF_VIOL_CATEGORY,PCF_VIOLATION,PCF_VIOL_SUBSECTION,HIT_AND_RUN,TYPE_OF_COLLISION,MVIW,PED_ACTION,ROAD_SURFACE,ROAD_COND_1,ROAD_COND_2,LIGHTING,CONTROL_DEVICE,CHP_ROAD_TYPE,PEDESTRIAN_ACCIDENT,BICYCLE_ACCIDENT,MOTORCYCLE_ACCIDENT,TRUCK_ACCIDENT,NOT_PRIVATE_PROPERTY,ALCOHOL_INVOLVED,STWD_VEHTYPE_AT_FAULT,CHP_VEHTYPE_AT_FAULT,COUNT_SEVERE_INJ,COUNT_VISIBLE_INJ,COUNT_COMPLAINT_PAIN,COUNT_PED_KILLED,COUNT_PED_INJURED,COUNT_BICYCLIST_KILLED,COUNT_BICYCLIST_INJURED,COUNT_MC_KILLED,COUNT_MC_INJURED,PRIMARY_RAMP,SECONDARY_RAMP,LATITUDE,LONGITUDE,COUNTY,CITY,POINT_X,POINT_Y
9228208,2021,2021-03-23,3801,2021-02-22,1925,2733,SOUTH,1,5,7,3801,0,0,0,,0,0B1,"FREMONT ST","FOLSOM ST",0.00,,Y,A,-,N,,,,,,,,,,N,3,0,1,2,A,-,03,22350,,F,D,G,A,A,H,-,C,A,0,,Y,,,Y,,-,,0,1,0,0,0,0,1,0,0,"- ","- ",,,"SAN FRANCISCO","SAN FRANCISCO",-122.39360046386719,37.788002014160156
9228232,2021,2021-03-24,3801,2021-02-06,1021,2375,RICHM,6,5,7,3801,0,0,0,,0,3G4A,"JOHN F KENNEDY DR","STOW LAKE DR",300.00,W,N,A,-,N,,,,,,,,,,N,2,0,2,2,A,-,03,22350,,N,C,B,E,A,H,-,A,D,0,Y,Y,,,Y,,L,04,1,0,1,0,1,0,1,0,0,"- ","- ",,,"SAN FRANCISCO","SAN FRANCISCO",-122.47481536865234,37.771579742431641
9228288,2021,2021-03-29,3801,2021-02-21,1200,2459,NORTH,7,5,7,3801,0,0,0,,0,3E12C,"BUSH ST","VAN NESS AV",0.00,,Y,A,-,N,,,,,,,,,,N,4,0,1,2,A,-,12,21453,A,N,B,G,A,A,D,H,A,A,0,,Y,,,Y,,L,04,0,0,1,0,0,0,1,0,0,"- ","- ",,,"SAN FRANCISCO","SAN FRANCISCO",-122.42191314697266,37.788490295410156
92288998,2024,2024-01-17,9350,2024-01-15,1526,022432,,1,2,7,3801,0,1,2,,1,120,"WEST SIDEWALK GOLDEN GATE BRIDGE","LINCOLN BLVD",3168.00,N,N,A,-,N,,,,,,,,,,N,4,0,1,1,A,-,08,22107,,N,E,I,A,A,H,-,A,D,0,,Y,,,Y,,L,04,0,0,1,0,0,0,1,0,0,"- ","- ",37.814300537109375,-122.47804260253906,"SAN FRANCISCO","SAN FRANCISCO",-122.48783111572266,37.687507629394531
92294621,2024,2024-01-23,9350,2024-01-14,1050,022532,,7,1,7,3801,0,1,2,,1,120,"US-101 S/B (GGB WEST SIDEWALK)","CONZELMAN RD",2850.00,S,N,A,-,Y,,,,,,,,,,N,3,0,1,2,B,-,22,,,N,B,G,A,A,H,-,A,D,0,,Y,,,Y,,L,04,0,1,0,0,0,0,1,0,0,"- ","- ",37.822498321533203,-122.47901153564453,"SAN FRANCISCO","SAN FRANCISCO",-122.4791259765625,37.822486877441406
9230024,2021,2021-03-19,3801,2021-01-12,1535,2374,INGLE,2,5,7,3801,0,0,0,,0,0H4,"SAN JOSE AV","COLONIAL WY",55.00,S,N,B,-,N,,,,,,,,,,N,4,0,1,2,A,-,17,22517,,N,B,G,A,A,H,-,A,D,0,,Y,,,Y,,A,01,0,0,1,0,0,0,1,0,0,"- ","- ",,,"SAN FRANCISCO","SAN FRANCISCO",-122.44055938720703,37.728305816650391
9239142,2021,2021-04-23,3801,2021-03-25,1922,299,CENTR,4,5,7,3801,0,0,0,,0,3A4D,"THE EMBARCADERO","WASHINGTON ST",383.00,N,N,A,-,N,,,,,,,,,,N,3,0,1,1,-,-,"- ",,,N,H,A,A,A,-,-,A,D,0,,Y,,,Y,,L,04,0,1,0,0,0,0,1,0,0,"- ","- ",,,"SAN FRANCISCO","SAN FRANCISCO",-122.39631652832031,37.797504425048828
9239154,2021,2021-04-20,3801,2021-03-13,1714,1244,TARAV,6,5,7,3801,0,0,0,,0,3I2,"IRVING ST","20TH AV",45.00,E,N,A,-,N,,,,,,,,,,N,3,0,1,2,A,-,08,22102,,N,D,G,A,A,H,-,A,A,0,,Y,,,Y,,-,,0,1,0,0,0,0,1,0,0,"- ","- ",,,"SAN FRANCISCO","SAN FRANCISCO",-122.47805786132812,37.763515472412109
9239166,2021,2021-04-19,3801,2021-03-02,1535,4102,SOUTH,2,5,7,3801,0,0,0,,0,3B15C,"MARKET ST","OCTAVIA ST",0.00,,Y,A,-,N,,,,,,,,,,N,3,0,1,2,A,-,12,21453,A,N,D,G,A,A,H,-,A,A,0,,Y,,,Y,,L,04,0,1,0,0,0,0,1,0,0,"- ","- ",,,"SAN FRANCISCO","SAN FRANCISCO",-122.42359161376953,37.771774291992188
9239178,2021,2021-04-19,3801,2021-03-04,0730,4307,NORTH,4,5,7,3801,0,0,0,,0,3E12A,"DIVISADERO ST","OAK ST",0.00,,Y,A,-,N,,,,,,,,,,N,3,0,1,2,D,-,00,,,N,H,A,A,A,H,-,A,A,0,,Y,,,Y,,-,"- ",0,1,0,0,0,0,1,0,0,"- ","- ",,,"SAN FRANCISCO","SAN FRANCISCO",-122.43743133544922,37.773143768310547
9239266,2021,2021-05-04,3801,2021-03-03,0652,4115,SOUTH,3,5,7,3801,0,0,0,,0,3B14A,"MARKET ST","GOUGH ST",0.00,,Y,A,-,N,,,,,,,,,,N,3,0,1,2,A,-,08,22100,A,N,D,G,A,A,H,-,A,A,0,,Y,,,Y,,D,22,0,1,0,0,0,0,1,0,0,"- ","- ",,,"SAN FRANCISCO","SAN FRANCISCO",-122.42221069335938,37.772872924804688
9240414,2021,2022-02-17,3801,2021-03-21,2130,382,NORTH,7,5,7,3801,0,0,0,,0,,"LOMBARD ST","SCOTT ST",105.00,E,N,A,-,Y,SF,4,101,-,-,7.630,H,-,S,N,3,0,1,2,A,-,03,22350,,F,C,G,A,A,H,-,C,A,0,,Y,,,Y,,-,,0,1,0,0,0,0,1,0,0,"- ","- ",,,"SAN FRANCISCO","SAN FRANCISCO",-122.44145202636719,37.799129486083984
92409597,2024,2024-06-10,9335,2024-06-03,1050,018804,,1,1,7,3801,0,1,A,,2,089,"I-80 E/B PEDESTRIAN/BICYCLE PATHWAY","TREASURE ISLAND",2020.00,E,N,A,-,N,,,,,,,,,,N,3,0,1,1,B,-,22,,,N,F,G,A,A,H,-,A,D,0,,Y,,,Y,,L,04,0,1,0,0,0,0,1,0,0,"- ","- ",37.81787109375,-122.35311126708984,"SAN FRANCISCO","SAN FRANCISCO",,
9247106,2021,2021-04-29,3801,2021-03-03,2104,1252,RICHM,3,5,7,3801,0,0,0,,0,0G3,"6TH AV","ANZA ST",0.00,,Y,A,-,N,,,,,,,,,,,4,0,1,2,A,-,12,22450,A,N,G,G,A,A,H,-,C,C,0,,Y,,,Y,,-,"- ",0,0,1,0,0,0,1,0,0,"- ","- ",,,"SAN FRANCISCO","SAN FRANCISCO",-122.46414947509766,37.779102325439453
9247463,2021,2021-06-03,3801,2021-03-12,2017,2140,MISSI,5,5,7,3801,0,0,0,,0,3D11E,"18TH ST","18TH ST 3638",0.00,,-,A,-,N,,,,,,,,,,N,2,0,1,2,A,-,17,22517,,N,A,G,A,A,H,-,C,D,0,,Y,,,Y,,-,,1,0,0,0,0,0,1,0,0,"- ","- ",,,"SAN FRANCISCO","SAN FRANCISCO",,
9247465,2021,2021-04-17,3801,2021-03-12,1622,335,TARAV,5,5,7,3801,0,0,0,,0,3I16D,"OCEAN AV","OCEAN AV 1936",0.00,,-,A,-,N,,,,,,,,,,N,3,0,1,2,A,-,17,22517,,N,H,G,A,A,H,-,A,B,0,,Y,,,Y,,-,,0,1,0,0,0,0,1,0,0,"- ","- ",,,"SAN FRANCISCO","SAN FRANCISCO",,
9247469,2021,2021-05-26,3801,2021-03-11,1216,1198,MISSI,4,5,7,3801,0,0,0,,0,3D14A,"BARTLETT ST","24TH ST",0.00,,Y,A,-,N,,,,,,,,,,N,3,0,1,2,A,-,17,22517,,N,G,G,A,A,H,-,A,D,0,,Y,,,Y,,A,01,0,1,0,0,0,0,1,0,0,"- ","- ",,,"SAN FRANCISCO","SAN FRANCISCO",-122.41954803466797,37.752182006835938
9252248,2021,2021-04-19,3801,2021-03-19,1452,2357,NORTH,5,5,7,3801,0,0,0,,0,3E13A,"VAN NESS AV","FRANCISCO ST",0.00,,Y,A,-,N,,,,,,,,,,N,3,0,1,2,A,-,12,21453,A,N,D,G,A,A,H,-,A,A,0,,Y,,,Y,,A,01,0,1,0,0,0,0,1,0,0,"- ","- ",,,"SAN FRANCISCO","SAN FRANCISCO",-122.42496490478516,37.803203582763672
9252266,2021,2021-04-27,3801,2021-03-14,1400,2113,SOUTH,7,5,7,3801,0,0,0,,0,3B14D,"17TH ST","VERMONT ST",0.00,,Y,-,-,N,,,,,,,,,,N,3,0,1,2,D,-,00,,,N,H,G,A,-,-,-,-,-,0,,Y,,,Y,,-,"- ",0,1,0,0,0,0,1,0,0,"- ","- ",,,"SAN FRANCISCO","SAN FRANCISCO",-122.40448760986328,37.764682769775391
9252269,2021,2021-04-27,3801,2021-03-11,0838,891,PARK,4,5,7,3801,0,0,0,,0,3F4A,"WALLER ST","STEINER ST",92.00,W,N,A,-,N,,,,,,,,,,N,3,0,1,2,A,-,21,22106,,N,D,G,A,B,H,-,A,D,0,,Y,,,Y,,A,01,0,1,0,0,0,0,1,0,0,"- ","- ",,,"SAN FRANCISCO","SAN FRANCISCO",-122.43220520019531,37.770938873291016
9252274,2021,2021-04-27,3801,2021-03-31,1700,1052,RICHM,3,5,7,3801,0,0,0,,0,3G4C,"CABRILLO ST","PARK PRESIDIO BL",1.00,N,N,A,-,N,,,,,,,,,,N,4,0,1,2,A,-,09,21801,A,N,D,G,A,A,H,-,A,A,0,,Y,,,Y,,A,01,0,0,1,0,0,0,1,0,0,"- ","- ",,,"SAN FRANCISCO","SAN FRANCISCO",-122.47191619873047,37.775001525878906
9252806,2021,2021-04-27,3801,2021-03-30,0955,2750,PARK,2,5,7,3801,0,0,0,,0,0F4,"SANCHEZ ST",14TH,27.00,N,N,A,-,N,,,,,,,,,,N,3,0,1,1,C,-,18,,,N,E,I,A,A,A,-,A,D,0,,Y,,,Y,,-,"- ",0,1,0,0,0,0,1,0,0,"- ","- ",,,"SAN FRANCISCO","SAN FRANCISCO",-122.43119049072266,37.767673492431641
9252812,2021,2021-04-28,3801,2021-03-05,1737,1160,SOUTH,5,5,7,3801,0,0,0,,0,0B5,"MISSISSIPPI ST","16TH ST",108.00,S,N,A,-,N,,,,,,,,,,N,4,0,1,3,A,-,17,22517,,N,B,G,A,A,H,-,B,D,0,,Y,,,Y,,-,,0,0,1,0,0,0,1,0,0,"- ","- ",,,"SAN FRANCISCO","SAN FRANCISCO",-122.39493560791016,37.766269683837891
9253095,2021,2021-04-21,3801,2021-03-25,1620,417,TARAV,4,5,7,3801,0,0,0,,0,3I16D,"ASHTON AV","OCEAN AV",50.00,S,N,A,-,N,,,,,,,,,,N,3,0,1,2,A,-,11,21954,A,N,B,B,D,A,H,-,A,A,0,Y,Y,,,Y,,N,60,0,1,0,0,1,0,0,0,0,"- ","- ",,,"SAN FRANCISCO","SAN FRANCISCO",-122.46227264404297,37.725143432617188
9253096,2021,2021-04-21,3801,2021-03-25,1320,1688,TENDE,4,5,7,3801,0,0,0,,0,3J11C,"MARKET ST","VAN NESS AV",20.00,E,N,A,-,N,,,,,,,,,,N,4,0,1,2,A,-,"- ",,,N,-,B,F,A,H,-,A,D,0,Y,Y,,,Y,,-,"- ",0,0,1,0,1,0,0,0,0,"- ","- ",,,"SAN FRANCISCO","SAN FRANCISCO",-122.41921234130859,37.77520751953125
9253098,2021,2021-04-21,3801,2021-03-25,0720,2357,NORTH,4,5,7,3801,0,0,0,,0,3E13A,"FRANKLIN ST","AUSTIN ST",0.00,,Y,A,-,N,,,,,,,,,,N,3,0,1,2,A,-,08,22107,,N,B,C,A,A,H,-,A,D,0,,Y,,,Y,,L,04,0,1,0,0,0,0,1,0,0,"- ","- ",,,"SAN FRANCISCO","SAN FRANCISCO",-122.42367553710938,37.788730621337891
9253261,2021,2021-04-27,3801,2021-03-21,2300,2481,SOUTH,7,5,7,3801,0,0,0,,0,005,"3RD ST","16TH ST",0.00,,Y,A,-,N,,,,,,,,,,N,4,0,1,2,A,-,08,22107,,N,A,G,A,A,H,-,C,A,0,,Y,,,Y,,L,04,0,0,1,0,0,0,1,0,0,"- ","- ",,,"SAN FRANCISCO","SAN FRANCISCO",-122.38920593261719,37.766944885253906
9253281,2021,2021-04-21,3801,2021-03-24,0806,1250,SOUTH,3,5,7,3801,0,0,0,,0,3B12A,"2ND ST","MISSION ST",0.00,,Y,A,-,N,,,,,,,,,,N,4,0,1,2,A,-,08,22101,D,N,A,G,A,A,G,-,A,A,0,,Y,,,Y,,-,,0,0,1,0,0,0,1,0,0,"- ","- ",,,"SAN FRANCISCO","SAN FRANCISCO",-122.39978790283203,37.788013458251953
9253290,2021,2021-04-21,3801,2021-03-08,1821,1435,TRAFF,1,5,7,3801,0,0,0,,0,4B41,"KEZAR DR","JOHN F KENNEDY DR",0.00,,Y,A,-,N,,,,,,,,,,N,2,0,1,2,A,-,12,22450,A,N,A,G,A,A,H,-,C,A,0,,Y,,,Y,,L,04,1,0,0,0,0,0,1,0,0,"- ","- ",,,"SAN FRANCISCO","SAN FRANCISCO",-122.45532989501953,37.770858764648438
9253299,2021,2021-04-21,3801,2021-03-30,1158,798,NORTH,2,5,7,3801,0,0,0,,0,3E44C,"MCALLISTER ST","LAGUNA ST",0.00,,Y,A,-,N,,,,,,,,,,N,4,0,1,2,A,-,08,22107,,N,B,C,A,A,H,-,A,A,0,,Y,,,Y,,A,01,0,0,1,0,0,0,1,0,0,"- ","- ",,,"SAN FRANCISCO","SAN FRANCISCO",-122.42681884765625,37.779262542724609
9256809,2021,2021-05-19,3801,2021-04-01,1710,2088,INGLE,4,5,7,3801,0,0,0,,0,,"EDNA ST","JUDSON AV",0.00,,Y,-,-,N,,,,,,,,,,,4,0,1,2,-,-,"- ",,,N,D,G,A,-,-,-,-,A,0,,Y,,,Y,,-,"- ",0,0,1,0,0,0,1,0,0,"- ","- ",,,"SAN FRANCISCO","SAN FRANCISCO",-122.44657135009766,37.728271484375
9262678,2021,2021-05-14,3801,2021-04-28,1654,2100,MISSI,3,5,7,3801,0,0,0,,0,3D14D,"17TH ST","BRYANT ST",0.00,,Y,A,-,N,,,,,,,,,,N,3,0,1,2,A,-,17,22517,,N,E,G,A,A,H,-,A,D,0,,Y,,,Y,,-,,0,1,0,0,0,0,1,0,0,"- ","- ",,,"SAN FRANCISCO","SAN FRANCISCO",-122.41038513183594,37.764324188232422
9262687,2021,2021-05-12,3801,2021-04-18,1308,1540,TARAV,7,5,7,3801,0,0,0,,0,3I1A,"9TH AV","IRVING ST",35.00,S,N,A,-,N,,,,,,,,,,N,3,0,1,1,C,-,18,,,N,H,J,A,A,H,-,A,A,0,,Y,,,Y,,-,"- ",0,1,0,0,0,0,1,0,0,"- ","- ",,,"SAN FRANCISCO","SAN FRANCISCO",-122.46630859375,37.763942718505859
9262729,2021,2021-05-11,3801,2021-04-22,1019,207,CENTR,4,5,7,3801,0,0,0,,0,,"BAY ST","TAYLOR ST",0.00,,Y,B,-,N,,,,,,,,,,N,2,0,1,2,A,-,09,21801,A,N,A,G,A,A,-,-,A,A,0,,Y,,,Y,,A,01,1,0,0,0,0,0,1,0,0,"- ","- ",,,"SAN FRANCISCO","SAN FRANCISCO",-122.41525268554688,37.805408477783203
9262752,2021,2021-05-11,3801,2021-04-23,1108,1529,CENTR,5,5,7,3801,0,0,0,,0,,"1ST ST",GREENWICH,70.00,N,N,A,-,N,,,,,,,,,,N,2,0,1,2,D,-,00,,,N,C,G,A,A,H,-,A,D,0,,Y,,,Y,Y,-,"- ",1,0,0,0,0,0,1,0,0,"- ","- ",,,"SAN FRANCISCO","SAN FRANCISCO",,
9262781,2021,2021-05-11,3801,2021-04-17,1204,621,CENTR,6,5,7,3801,0,0,0,,0,3A12C,"THE EMBARCADERO NORTH","WASHINGTON ST",0.00,,Y,A,-,N,,,,,,,,,,N,4,0,1,2,A,-,05,21650,,N,D,G,A,A,H,-,A,D,0,,Y,,,Y,,L,04,0,0,1,0,0,0,1,0,0,"- ","- ",,,"SAN FRANCISCO","SAN FRANCISCO",-122.39556121826172,37.796642303466797
9262840,2021,2021-05-17,3801,2021-04-01,2110,1371,NORTH,4,5,7,3801,0,0,0,,0,005,"GREENWHICH ST","PIERCE ST",0.00,,Y,A,-,N,,,,,,,,,,N,4,0,1,2,A,-,03,22350,,N,D,G,A,A,H,-,C,A,0,,Y,,,Y,,L,04,0,0,1,0,0,0,1,0,0,"- ","- ",,,"SAN FRANCISCO","SAN FRANCISCO",-122.43915557861328,37.798542022705078
9262916,2021,2021-05-17,3801,2021-04-01,2018,1244,TARAV,4,5,7,3801,0,0,0,,0,002,"LINCOLN WY","30TH AV",0.00,,Y,A,-,N,,,,,,,,,,N,3,0,1,2,A,-,12,21453,A,F,D,G,A,A,H,-,C,A,0,,Y,,,Y,Y,-,,0,1,0,0,0,0,1,0,0,"- ","- ",,,"SAN FRANCISCO","SAN FRANCISCO",-122.48904418945312,37.764934539794922
9275062,2021,2021-07-01,3801,2021-05-03,1430,987,TENDE,1,5,7,3801,0,0,0,,0,3J54C,"LEAVENWORTH ST","EDDY ST",0.00,,Y,A,-,N,,,,,,,,,,N,4,0,1,2,A,-,08,22107,,N,H,A,A,A,H,-,A,A,0,,Y,,,Y,,-,"- ",0,0,1,0,0,0,1,0,0,"- ","- ",,,"SAN FRANCISCO","SAN FRANCISCO",-122.41423797607422,37.783729553222656
9275151,2021,2021-07-08,3801,2021-05-09,0857,2402,TARAV,7,5,7,3801,0,0,0,,0,3I1A,"9TH AV","JUDAH ST",170.00,N,N,A,-,N,,,,,,,,,,N,4,0,1,1,B,-,22,,,N,E,I,A,A,H,-,A,D,0,,Y,,,Y,,L,04,0,0,1,0,0,0,1,0,0,"- ","- ",,,"SAN FRANCISCO","SAN FRANCISCO",-122.46621704101562,37.762645721435547
9275157,2021,2021-07-08,3801,2021-05-05,1738,2100,MISSI,3,5,7,3801,0,0,0,,0,3D11D,"18TH ST","GUERRERO ST",0.00,,Y,A,-,N,,,,,,,,,,N,3,0,1,2,A,-,12,21453,A,N,D,G,A,A,H,-,A,A,0,,Y,,,Y,,L,04,0,1,0,0,0,0,1,0,0,"- ","- ",,,"SAN FRANCISCO","SAN FRANCISCO",-122.42379760742188,37.761577606201172
9275159,2021,2021-07-08,3801,2021-05-08,1859,4187,NORTH,6,5,7,3801,0,0,0,,0,3E15D,"CHESTNUT ST","BUCHANAN ST",0.00,,Y,A,-,N,,,,,,,,,,N,3,0,1,1,A,-,08,22107,,N,E,I,A,A,H,-,A,A,0,,Y,,,Y,,L,04,0,1,0,0,0,0,1,0,0,"- ","- ",,,"SAN FRANCISCO","SAN FRANCISCO",-122.43296051025391,37.801231384277344
9275171,2021,2021-07-08,3801,2021-05-24,1452,2179,CENTR,1,5,7,3801,0,0,0,,0,3A60,BROADWAY,"POWELL ST",0.00,,Y,A,-,N,,,,,,,,,,N,4,0,1,2,A,-,04,21703,,N,A,C,A,A,H,-,A,-,0,,Y,,,Y,,-,,0,0,1,0,0,0,1,0,0,"- ","- ",,,"SAN FRANCISCO","SAN FRANCISCO",-122.41024017333984,37.797409057617188
9275176,2021,2021-07-08,3801,2021-05-27,1708,4022,MISSI,4,5,7,3801,0,0,0,,0,3D15D,"17TH AV","VALENCIA ST",200.00,E,N,A,-,N,,,,,,,,,,N,3,0,1,2,A,-,08,22107,,N,B,G,A,A,H,-,A,A,0,,Y,,,Y,,A,01,0,1,0,0,0,0,1,0,0,"- ","- ",,,"SAN FRANCISCO","SAN FRANCISCO",-122.42105102539062,37.763339996337891
9275211,2021,2021-07-06,3801,2021-05-28,1440,207,CENTR,5,5,7,3801,0,0,0,,0,3A13C,"STOCKTON ST","SUTTER ST",5.00,N,N,A,-,N,,,,,,,,,,N,3,0,1,2,A,-,12,21453,A,F,D,B,B,A,H,-,A,A,0,Y,Y,,,Y,,L,04,0,1,0,0,1,0,0,0,0,"- ","- ",,,"SAN FRANCISCO","SAN FRANCISCO",-122.40694427490234,37.789432525634766
9275212,2021,2021-07-06,3801,2021-05-28,0803,2247,NORTH,5,5,7,3801,0,0,0,,0,03E,"WEBSTER ST","UNION ST",0.00,,Y,A,-,N,,,,,,,,,,N,3,0,1,2,A,-,12,22450,A,N,D,G,A,A,H,-,A,A,0,,Y,,,Y,,L,04,0,1,0,0,0,0,1,0,0,"- ","- ",,,"SAN FRANCISCO","SAN FRANCISCO",-122.433837890625,37.797298431396484
9280814,2021,2021-07-08,3801,2021-05-14,1333,2151,PARK,5,5,7,3801,0,0,0,,0,3F43C,"OAK ST","BAKER ST",200.00,E,N,B,-,N,,,,,,,,,,N,2,0,1,1,A,-,03,22350,,N,H,J,A,A,H,-,A,D,0,,Y,,,Y,,L,04,1,0,0,0,0,0,1,0,0,"- ","- ",,,"SAN FRANCISCO","SAN FRANCISCO",-122.44007873535156,37.772781372070312
9281898,2021,2021-07-01,3801,2021-05-19,1744,540,SOUTH,3,5,7,3801,0,0,0,,0,0B1,"1ST ST","FOLSOM ST",140.00,N,N,A,-,N,,,,,,,,,,N,4,0,1,2,A,-,08,22107,,N,B,G,A,A,H,-,A,A,0,,Y,,,Y,,L,04,0,0,1,0,0,0,1,0,0,"- ","- ",,,"SAN FRANCISCO","SAN FRANCISCO",-122.39481353759766,37.787593841552734
9282480,2021,2021-07-07,3801,2021-04-30,1021,807,INGLE,5,5,7,3801,0,0,0,,0,4CAR,"OCEAN AV","LIGHT POLE",6.00,N,N,B,-,N,,,,,,,,,,N,3,0,1,1,A,-,03,22350,,N,F,J,A,A,G,-,A,D,0,,Y,,,Y,,L,04,0,1,0,0,0,0,1,0,0,"- ","- ",,,"SAN FRANCISCO","SAN FRANCISCO",,
9285649,2021,2021-06-29,3801,2021-05-04,1330,1657,BAYVI,2,5,7,3801,0,0,0,,0,901,"SELBY ST","KIRKWOOD AV",0.00,,Y,A,-,N,,,,,,,,,,N,4,0,1,2,A,-,08,22100,A,F,D,G,A,A,H,-,A,D,0,,Y,,,Y,,L,04,0,0,1,0,0,0,1,0,0,"- ","- ",,,"SAN FRANCISCO","SAN FRANCISCO",-122.39743804931641,37.742435455322266
9285663,2021,2021-06-30,3801,2021-05-21,1300,1359,INGLE,5,5,7,3801,0,0,0,,0,3H16A,"CONGDON ST","MAYNARD ST",6.00,S,N,A,-,N,,,,,,,,,,N,3,0,1,2,A,-,03,22350,,F,C,G,A,A,H,-,A,D,0,,Y,,,Y,,L,04,0,1,0,0,0,0,1,0,0,"- ","- ",,,"SAN FRANCISCO","SAN FRANCISCO",-122.42604064941406,37.729393005371094
9285686,2021,2021-06-30,3801,2021-05-23,0130,1240,TENDE,7,5,7,3801,0,0,0,,0,3J13E,"MARKET ST","5TH ST",0.00,,Y,A,-,N,,,,,,,,,,N,3,0,1,1,D,-,00,,,N,H,G,A,A,H,-,C,A,0,,Y,,,Y,,-,"- ",0,1,0,0,0,0,1,0,0,"- ","- ",,,"SAN FRANCISCO","SAN FRANCISCO",-122.40805816650391,37.78399658203125
9285688,2021,2021-07-06,3801,2021-05-20,0853,1825,SOUTH,4,5,7,3801,0,0,0,,0,3B12A,"11TH ST","BRYANT ST",0.00,,Y,A,-,N,,,,,,,,,,N,3,0,1,2,A,-,12,21453,A,N,D,G,A,A,H,-,A,A,0,,Y,,,Y,,L,04,0,1,0,0,0,0,1,0,0,"- ","- ",,,"SAN FRANCISCO","SAN FRANCISCO",-122.41082000732422,37.769309997558594
9285702,2021,2021-06-29,3801,2021-05-10,0234,2035,MISSI,1,5,7,3801,0,0,0,,0,3D91,"18TH ST","FOLSOM ST",0.00,,Y,A,-,N,,,,,,,,,,N,2,0,1,2,A,-,12,21453,A,N,A,G,A,A,H,-,C,A,0,,Y,,,Y,,L,04,1,0,0,0,0,0,1,0,0,"- ","- ",,,"SAN FRANCISCO","SAN FRANCISCO",-122.41499328613281,37.762100219726562
9285704,2021,2021-07-01,3801,2021-05-25,1640,172,RICHM,2,5,7,3801,0,0,0,,0,005,"LINCOLN HWY","LEGION OF HONOR DR",530.00,E,N,A,-,N,,,,,,,,,,N,4,0,1,2,A,-,05,21460,A,N,D,G,A,A,H,-,A,D,0,,Y,,,Y,,A,01,0,0,1,0,0,0,1,0,0,"- ","- ",,,"SAN FRANCISCO","SAN FRANCISCO",,
9285710,2021,2021-07-01,3801,2021-05-24,1638,540,SOUTH,1,5,7,3801,0,0,0,,0,,"MARKET ST","OCTAVIA ST",110.00,E,N,A,-,N,,,,,,,,,,N,3,0,1,2,A,-,03,22350,,N,B,G,A,A,H,-,A,A,0,,Y,,,Y,,L,04,0,1,0,0,0,0,1,0,0,"- ","- ",,,"SAN FRANCISCO","SAN FRANCISCO",-122.42331695556641,37.771987915039062
9290648,2021,2021-08-12,3801,2021-06-17,0910,2307,PARK,4,5,7,3801,0,0,0,,0,3F12A,"14TH ST","DIVISADERO ST",33.00,E,N,A,-,N,,,,,,,,,,,3,0,1,1,A,-,03,22350,,N,F,A,A,A,H,-,A,D,0,,Y,,,Y,,L,04,0,1,0,0,0,0,1,0,0,"- ","- ",,,"SAN FRANCISCO","SAN FRANCISCO",-122.43635559082031,37.767288208007812
9290653,2021,2021-08-09,3801,2021-06-20,1720,1544,CENTR,7,5,7,3801,0,0,0,,0,3A4D,"NORTH POINT","GRANT ST",165.00,,N,A,-,N,,,,,,,,,,N,4,0,1,2,A,-,08,22107,,N,B,G,A,A,H,-,A,D,0,,Y,,,Y,,L,04,0,0,1,0,0,0,1,0,0,"- ","- ",,,"SAN FRANCISCO","SAN FRANCISCO",-122.40888214111328,37.807182312011719
9290658,2021,2021-08-09,3801,2021-06-22,1835,4314,RICHM,2,5,7,3801,0,0,0,,0,0G1,"MIDDLE DR W","METSON RD",215.00,W,N,A,-,N,,,,,,,,,,N,2,0,3,2,A,-,03,22350,,N,D,G,A,A,H,-,A,D,0,,Y,,,Y,,L,04,1,2,0,0,0,0,1,0,0,"- ","- ",,,"SAN FRANCISCO","SAN FRANCISCO",-122.49362182617188,37.766284942626953