CASE_ID,ACCIDENT_YEAR,PROC_DATE,JURIS,COLLISION_DATE,COLLISION_TIME,OFFICER_ID,REPORTING_DISTRICT,DAY_OF_WEEK,CHP_SHIFT,POPULATION,CNTY_CITY_LOC,SPECIAL_COND,BEAT_TYPE,CHP_BEAT_TYPE,CITY_DIVISION_LAPD,CHP_BEAT_CLASS,BEAT_NUMBER,PRIMARY_RD,SECONDARY_RD,DISTANCE,DIRECTION,INTERSECTION,WEATHER_1,WEATHER_2,STATE_HWY_IND,CALTRANS_COUNTY,CALTRANS_DISTRICT,STATE_ROUTE,ROUTE_SUFFIX,POSTMILE_PREFIX,POSTMILE,LOCATION_TYPE,RAMP_INTERSECTION,SIDE_OF_HWY,TOW_AWAY,COLLISION_SEVERITY,NUMBER_KILLED,NUMBER_INJURED,PARTY_COUNT,PRIMARY_COLL_FACTOR,PCF_CODE_OF_VIOL,PCF_VIOL_CATEGORY,PCF_VIOLATION,PCF_VIOL_SUBSECTION,HIT_AND_RUN,TYPE_OF_COLLISION,MVIW,PED_ACTION,ROAD_SURFACE,ROAD_COND_1,ROAD_COND_2,LIGHTING,CONTROL_DEVICE,CHP_ROAD_TYPE,PEDESTRIAN_ACCIDENT,BICYCLE_ACCIDENT,MOTORCYCLE_ACCIDENT,TRUCK_ACCIDENT,NOT_PRIVATE_PROPERTY,ALCOHOL_INVOLVED,STWD_VEHTYPE_AT_FAULT,CHP_VEHTYPE_AT_FAULT,COUNT_SEVERE_INJ,COUNT_VISIBLE_INJ,COUNT_COMPLAINT_PAIN,COUNT_PED_KILLED,COUNT_PED_INJURED,COUNT_BICYCLIST_KILLED,COUNT_BICYCLIST_INJURED,COUNT_MC_KILLED,COUNT_MC_INJURED,PRIMARY_RAMP,SECONDARY_RAMP,LATITUDE,LONGITUDE,COUNTY,CITY,POINT_X,POINT_Y
9290703,2021,2021-08-11,3801,2021-06-21,1657,1166,TARAV,1,5,7,3801,0,0,0,,0,3I11D,"20TH AV","LINCOLN WY",0.00,,Y,B,-,N,,,,,,,,,,N,4,0,1,2,A,-,08,22102,,F,D,G,A,A,H,-,A,D,0,,Y,,,Y,,A,01,0,0,1,0,0,0,1,0,0,"- ","- ",,,"SAN FRANCISCO","SAN FRANCISCO",-122.47833251953125,37.765403747558594
9290709,2021,2021-08-11,3801,2021-06-23,1715,2107,NORTH,3,5,7,3801,0,0,0,,0,03E,"FULTON ST","STEINER ST",0.00,,Y,A,-,N,,,,,,,,,,,2,0,1,2,A,-,12,21453,A,N,D,G,A,A,H,-,A,A,0,,Y,,,Y,,A,01,1,0,0,0,0,0,1,0,0,"- ","- ",,,"SAN FRANCISCO","SAN FRANCISCO",-122.43321228027344,37.777492523193359
9290717,2021,2021-08-11,3801,2021-06-19,1349,1931,SOUTH,6,5,7,3801,0,0,0,,0,3B13C,"MISSION ST","PLUM ST",0.00,,Y,A,-,N,,,,,,,,,,N,4,0,1,2,A,-,08,22107,,N,D,G,A,A,H,-,A,A,0,,Y,Y,,Y,,L,04,0,0,1,0,0,0,1,0,0,"- ","- ",,,"SAN FRANCISCO","SAN FRANCISCO",-122.41963958740234,37.770984649658203
9293043,2021,2021-08-09,3801,2021-06-02,1801,4239,PARK,3,5,7,3801,0,0,0,,0,3F13D,"FELL ST","BRODERICK ST",70.00,E,N,B,-,N,,,,,,,,,,N,4,0,1,2,A,-,06,21760,C,N,D,G,A,A,H,-,A,D,0,,Y,,,Y,,A,01,0,0,1,0,0,0,1,0,0,"- ","- ",,,"SAN FRANCISCO","SAN FRANCISCO",-122.43904876708984,37.773872375488281
9293045,2021,2021-08-09,3801,2021-06-02,1712,445,INGLE,3,5,7,3801,0,0,0,,0,004,"CIRUCLAR AV","CONGO ST",20.00,W,N,B,-,N,,,,,,,,,,N,3,0,1,2,A,-,03,22350,,N,C,E,A,A,H,-,A,D,0,,Y,,,Y,,L,04,0,1,0,0,0,0,1,0,0,"- ","- ",,,"SAN FRANCISCO","SAN FRANCISCO",-122.44207000732422,37.729316711425781
9293069,2021,2021-08-19,3801,2021-06-09,2149,740,MISSI,3,5,7,3801,0,0,0,,0,0D2,"CHURCH ST","HILL ST",0.00,,Y,A,-,N,,,,,,,,,,N,2,0,1,1,A,-,03,22350,,N,A,I,A,A,H,-,C,A,0,,Y,,,Y,,L,04,1,0,0,0,0,0,1,0,0,"- ","- ",,,"SAN FRANCISCO","SAN FRANCISCO",-122.42781829833984,37.755691528320312
9293090,2021,2021-08-09,3801,2021-06-12,1954,1644,TENDE,6,5,7,3801,0,0,0,,0,3J11D,"EDDY ST","MASON ST",0.00,,Y,A,-,N,,,,,,,,,,N,3,0,1,2,D,-,00,,,N,B,G,A,A,H,-,A,A,0,,Y,,,Y,,-,"- ",0,1,0,0,0,0,1,0,0,"- ","- ",,,"SAN FRANCISCO","SAN FRANCISCO",-122.4093017578125,37.784374237060547
9293091,2021,2021-08-04,3801,2021-06-12,1301,905,MISSI,6,5,7,3801,0,0,0,,0,3D13C,"SAN CARLOS ST","20TH ST",0.00,,Y,A,-,N,,,,,,,,,,N,3,0,1,2,A,-,08,22107,,N,D,G,A,A,H,-,A,A,0,,Y,,,Y,,A,01,0,1,0,0,0,0,1,0,0,"- ","- ",,,"SAN FRANCISCO","SAN FRANCISCO",-122.41981506347656,37.758583068847656
9293297,2021,2021-07-30,3801,2021-06-04,1319,1994,TRAFF,5,5,7,3801,0,0,0,,0,4B36,"JONES ST","ELLIS ST",29.00,N,N,A,-,N,,,,,,,,,,N,3,0,1,1,A,-,03,22350,,N,H,-,A,A,H,-,A,-,0,,Y,,,Y,,L,04,0,1,0,0,0,0,1,0,0,"- ","- ",,,"SAN FRANCISCO","SAN FRANCISCO",-122.41279602050781,37.784976959228516
9293299,2021,2021-07-30,3801,2021-06-16,1049,104,TRAFF,3,5,7,3801,0,0,0,,0,104,"PAGE ST","OCTAVIA ST",23.00,E,N,A,-,N,,,,,,,,,,N,2,0,1,2,A,-,12,22450,,N,C,G,A,A,H,-,A,A,0,,Y,,,Y,,L,04,1,0,0,0,0,0,1,0,0,"- ","- ",,,"SAN FRANCISCO","SAN FRANCISCO",-122.42403411865234,37.773887634277344
9294563,2021,2021-08-03,3801,2021-06-18,1200,2439,CENTR,5,5,7,3801,0,0,0,,0,3A13C,"MARKET ST","SPEAR ST",0.00,,Y,A,-,N,,,,,,,,,,N,2,0,1,1,A,-,03,22350,,N,-,A,A,A,A,-,A,D,0,,Y,,,Y,,L,04,1,0,0,0,0,0,1,0,0,"- ","- ",,,"SAN FRANCISCO","SAN FRANCISCO",-122.39572906494141,37.793754577636719
9294579,2021,2021-08-03,3801,2021-06-20,1226,1118,SOUTH,7,5,7,3801,0,0,0,,0,3B13C,"KING ST","3RD ST",120.00,E,N,A,-,N,,,,,,,,,,N,3,0,1,1,A,-,03,22350,,N,-,A,A,A,H,-,A,D,0,,Y,,,Y,,L,04,0,1,0,0,0,0,1,0,0,"- ","- ",,,"SAN FRANCISCO","SAN FRANCISCO",-122.39165496826172,37.778430938720703
9295584,2021,2021-07-30,3801,2021-06-06,1922,4300,NORTH,7,5,7,3801,0,0,0,,0,3CAR,"VAN NESS AV","GOLDEN GATE AV",15.00,N,N,A,-,N,,,,,,,,,,N,2,0,1,2,A,-,06,21750,,N,B,C,A,A,D,-,A,D,0,,Y,,,Y,,L,04,1,0,0,0,0,0,1,0,0,"- ","- ",,,"SAN FRANCISCO","SAN FRANCISCO",-122.42040252685547,37.781070709228516
9295596,2021,2021-07-30,3801,2021-06-25,2159,2391,SOUTH,5,5,7,3801,0,0,0,,0,3B12E,"THE EMBARCADERO SOUTH","BRANNAN ST",120.00,S,N,A,-,N,,,,,,,,,,N,3,0,1,2,D,-,00,,,N,B,-,A,A,H,-,C,D,0,,Y,,,Y,,-,"- ",0,1,0,0,0,0,1,0,0,"- ","- ",,,"SAN FRANCISCO","SAN FRANCISCO",-122.38821411132812,37.784450531005859
9295682,2021,2021-07-30,3801,2021-06-13,0846,2375,RICHM,7,5,7,3801,0,0,0,,0,3G1A,"34TH AV","CLEMENT ST",0.00,,-,B,-,N,,,,,,,,,,N,4,0,1,2,A,-,09,21801,A,N,D,G,A,B,H,-,A,D,0,,Y,,,Y,,A,07,0,0,1,0,0,0,1,0,0,"- ","- ",,,"SAN FRANCISCO","SAN FRANCISCO",-122.49449920654297,37.781566619873047
9295690,2021,2021-07-30,3801,2021-06-16,0721,1250,SOUTH,3,5,7,3801,0,0,0,,0,3B14A,"17TH ST","WISCONSIN ST",0.00,,Y,A,-,N,,,,,,,,,,N,3,0,1,2,A,-,09,21801,A,N,A,G,A,A,H,-,A,D,0,,Y,,,Y,,A,01,0,1,0,0,0,0,1,0,0,"- ","- ",,,"SAN FRANCISCO","SAN FRANCISCO",-122.39967346191406,37.764972686767578
9297277,2021,2021-09-24,3801,2021-07-14,1553,1194,SOUTH,3,5,7,3801,0,0,0,,0,0B4,"MISSION ST","9TH ST",0.00,,Y,A,-,N,,,,,,,,,,,3,0,1,2,A,-,09,21804,A,N,D,G,A,A,-,-,A,A,0,,Y,,,Y,Y,L,04,0,1,0,0,0,0,1,0,0,"- ","- ",,,"SAN FRANCISCO","SAN FRANCISCO",-122.41471862792969,37.776241302490234
9297623,2021,2021-08-05,3801,2021-06-22,1835,2113,SOUTH,2,5,7,3801,0,0,0,,0,3B13D,"8TH ST","MINNA ST",0.00,,Y,A,-,N,,,,,,,,,,N,4,0,1,2,A,-,09,21800,A,N,D,G,A,A,H,-,A,D,0,,Y,,,Y,,L,04,0,0,1,0,0,0,1,0,0,"- ","- ",,,"SAN FRANCISCO","SAN FRANCISCO",-122.41259765625,37.777050018310547
9297624,2021,2021-08-05,3801,2021-06-22,1740,4023,MISSI,2,5,7,3801,0,0,0,,0,004,"24TH ST","HARRISON ST",70.00,W,N,A,-,N,,,,,,,,,,N,4,0,1,2,A,-,04,21703,,F,C,G,A,A,H,-,A,D,0,,Y,,,Y,,A,07,0,0,1,0,0,0,1,0,0,"- ","- ",,,"SAN FRANCISCO","SAN FRANCISCO",-122.41213226318359,37.752632141113281
9297625,2021,2021-08-05,3801,2021-06-22,1213,283,MISSI,2,5,7,3801,0,0,0,,0,03D,"FOLSOM ST","18TH ST",335.00,S,N,A,-,N,,,,,,,,,,N,4,0,1,2,A,-,09,21801,A,N,D,G,A,A,H,-,A,A,0,,Y,,,Y,Y,L,04,0,0,1,0,0,0,1,0,0,"- ","- ",,,"SAN FRANCISCO","SAN FRANCISCO",-122.41488647460938,37.761184692382812
9297639,2021,2021-08-05,3801,2021-06-14,1603,1217,MISSI,1,5,7,3801,0,0,0,,0,1CAR,"VALENCIA ST","DUBOCE AV",0.00,,Y,A,-,N,,,,,,,,,,N,4,0,1,2,A,-,08,22101,D,N,A,G,A,A,H,-,A,A,0,,Y,,,Y,,A,01,0,0,1,0,0,0,1,0,0,"- ","- ",,,"SAN FRANCISCO","SAN FRANCISCO",-122.42236328125,37.769866943359375
9301723,2021,2021-10-07,3801,2021-09-18,2242,2459,,6,5,7,3801,0,0,0,,0,3D12E,"DOLORES ST","20TH ST",102.00,N,N,B,-,N,,,,,,,,,,N,1,1,0,2,A,-,08,22107,,N,B,G,A,A,H,-,C,D,0,,Y,,,Y,,L,04,0,0,0,0,0,1,0,0,0,"- ","- ",,,"SAN FRANCISCO","SAN FRANCISCO",-122.42585754394531,37.758487701416016
9308180,2021,2021-08-26,3801,2021-07-20,1833,2725,RICHM,2,5,7,3801,0,0,0,,0,,"EL CAMINO DEL MAR","25TH AV",109.00,E,N,A,-,N,,,,,,,,,,,4,0,1,2,A,-,03,22350,,N,D,G,A,A,H,-,A,A,0,,Y,,,Y,,L,04,0,0,1,0,0,0,1,0,0,"- ","- ",,,"SAN FRANCISCO","SAN FRANCISCO",-122.48490142822266,37.787628173828125
9308296,2021,2021-08-26,3801,2021-07-26,2110,1066,NORTH,1,5,7,3801,0,0,0,,0,314E,"SACRAMENTO ST","BUCHANAN ST",0.00,,Y,A,-,N,,,,,,,,,,N,4,0,1,2,A,-,09,21800,C,N,-,G,A,A,H,-,C,D,0,,Y,,,Y,,L,04,0,0,1,0,0,0,1,0,0,"- ","- ",,,"SAN FRANCISCO","SAN FRANCISCO",-122.43073272705078,37.790252685546875
9313264,2021,2021-09-03,3801,2021-07-13,2016,2081,CENTR,2,5,7,3801,0,0,0,,0,004,"KEARNY ST","JACKSON ST",26.00,N,N,A,-,N,,,,,,,,,,N,3,0,1,2,A,-,05,21651,B,N,A,G,A,A,H,-,C,D,0,,Y,,,Y,,L,04,0,1,0,0,0,0,1,0,0,"- ","- ",,,"SAN FRANCISCO","SAN FRANCISCO",-122.4051513671875,37.796291351318359
9313267,2021,2021-09-03,3801,2021-07-12,1355,640,MISSI,1,5,7,3801,0,0,0,,0,3D15C,"14TH ST","MISSION ST",0.00,,Y,A,-,N,,,,,,,,,,N,3,0,1,2,A,-,06,21760,C,N,H,G,A,A,H,-,A,A,0,,Y,,,Y,Y,A,07,0,1,0,0,0,0,1,0,0,"- ","- ",,,"SAN FRANCISCO","SAN FRANCISCO",-122.41996765136719,37.768291473388672
9313294,2021,2021-09-08,3801,2021-07-02,2005,1148,MISSI,5,5,7,3801,0,0,0,,0,3D11D,"15TH ST","DOLORES ST",98.00,E,N,A,-,N,,,,,,,,,,N,3,0,2,2,A,-,09,21804,A,N,D,G,A,A,H,-,A,A,0,,Y,,,Y,,L,04,0,2,0,0,0,0,1,0,0,"- ","- ",,,"SAN FRANCISCO","SAN FRANCISCO",-122.42626190185547,37.766281127929688
9314632,2021,2021-08-28,3801,2021-07-22,1806,499,PARK,4,5,7,3801,0,0,0,,0,3F14D,"STEINER ST","HERMANN ST",0.00,,Y,A,-,N,,,,,,,,,,N,3,0,1,2,A,-,03,22350,,N,B,G,A,A,H,-,A,D,0,,Y,,,Y,,L,04,0,1,0,0,0,0,1,0,0,"- ","- ",,,"SAN FRANCISCO","SAN FRANCISCO",-122.43173980712891,37.770030975341797
9314638,2021,2021-08-31,3801,2021-07-17,1813,936,CENTR,6,5,7,3801,0,0,0,,0,3A13D,"BROADWAY ST","BATTERY ST",6.00,W,N,A,-,N,,,,,,,,,,N,3,0,1,2,A,-,03,22350,,N,C,G,A,A,H,-,A,A,0,,Y,,,Y,,L,04,0,1,0,0,0,0,1,0,0,"- ","- ",,,"SAN FRANCISCO","SAN FRANCISCO",-122.40106201171875,37.798599243164062
9314694,2021,2021-09-13,3801,2021-07-27,1727,233,MISSI,2,5,7,3801,0,0,0,,0,03D,"S VAN NESS AV","22ND ST",0.00,,Y,A,-,N,,,,,,,,,,N,4,0,1,2,A,-,12,21453,,N,D,G,A,A,H,-,A,A,0,,Y,,,Y,,L,04,0,0,1,0,0,0,1,0,0,"- ","- ",,,"SAN FRANCISCO","SAN FRANCISCO",-122.41658782958984,37.755565643310547
9314800,2021,2021-09-09,3801,2021-07-31,1557,001460,SOUTH,6,5,7,3801,0,0,0,,0,,"MISSION ST","10TH ST",0.00,,Y,A,-,N,,,,,,,,,,,3,0,1,2,A,-,06,21755,A,N,B,G,A,A,H,-,A,A,0,,Y,,,Y,,L,04,0,1,0,0,0,0,1,0,0,"- ","- ",,,"SAN FRANCISCO","SAN FRANCISCO",-122.41590881347656,37.775276184082031
9315081,2021,2021-09-13,3801,2021-07-15,2013,2731,RICHM,4,5,7,3801,0,0,0,,0,0G3,"FULTON ST","6TH AV",0.00,,Y,-,-,N,,,,,,,,,,N,4,0,1,2,A,-,05,21651,B,F,G,-,E,-,-,-,-,D,0,Y,Y,,,Y,,L,04,0,0,1,0,1,0,0,0,0,"- ","- ",,,"SAN FRANCISCO","SAN FRANCISCO",-122.46376037597656,37.773612976074219
9316658,2021,2021-10-12,3801,2021-07-10,1433,2334,TENDE,6,5,7,3801,0,0,0,,0,0J5,"EDDY ST","MASON ST",0.00,,Y,A,-,N,,,,,,,,,,N,3,0,1,1,A,-,03,22350,,N,H,G,A,B,H,-,A,A,0,,Y,,,Y,,L,04,0,1,0,0,0,0,1,0,0,"- ","- ",,,"SAN FRANCISCO","SAN FRANCISCO",-122.4093017578125,37.784374237060547
9316659,2021,2021-10-12,3801,2021-07-10,1200,859,TENDE,6,5,7,3801,0,0,0,,0,03J,"MARKET ST","4TH ST",17.00,E,N,A,-,N,,,,,,,,,,N,3,0,1,1,A,-,08,22107,,N,-,I,A,A,H,-,A,A,0,,Y,,,Y,,L,04,0,1,0,0,0,0,1,0,0,"- ","- ",,,"SAN FRANCISCO","SAN FRANCISCO",-122.40584564208984,37.785732269287109
9341104,2021,2021-10-08,3801,2021-08-28,1327,2726,RICHM,6,5,7,3801,0,0,0,,0,,"BOWLING GREEN DR","NANCY PELOSI DR",100.00,S,N,A,-,N,,,,,,,,,,N,2,0,1,2,-,-,"- ",,,N,D,G,A,A,H,-,A,D,0,,Y,,,Y,,-,"- ",1,0,0,0,0,0,1,0,0,"- ","- ",,,"SAN FRANCISCO","SAN FRANCISCO",-122.4603271484375,37.770107269287109
9341907,2021,2021-10-21,3801,2021-08-23,1824,556,SOUTH,1,5,7,3801,0,0,0,,0,3B11D,"2ND ST","CLEMINTINA ST",0.00,,Y,A,-,N,,,,,,,,,,N,4,0,1,2,A,-,03,22350,,N,D,G,A,A,H,-,A,A,0,,Y,,,Y,,L,04,0,0,1,0,0,0,1,0,0,"- ","- ",,,"SAN FRANCISCO","SAN FRANCISCO",-122.39724731445312,37.785995483398438
9341983,2021,2021-10-21,3801,2021-09-23,0914,891,PARK,4,5,7,3801,0,0,0,,0,3F4A,"CHURCH ST","DUBOCE AV",0.00,,Y,A,-,N,,,,,,,,,,N,3,0,1,2,B,-,22,,,F,D,G,A,A,H,-,A,A,0,,Y,,,Y,,-,,0,1,0,0,0,0,1,0,0,"- ","- ",,,"SAN FRANCISCO","SAN FRANCISCO",-122.42912292480469,37.769462585449219
9341989,2021,2021-10-21,3801,2021-09-22,1511,2161,MISSI,3,5,7,3801,0,0,0,,0,3D45C,"VALENCIA ST","18TH ST",36.00,S,N,A,-,N,,,,,,,,,,N,3,0,1,2,A,-,06,21750,A,N,B,G,A,A,H,-,A,A,0,,Y,,,Y,,A,01,0,1,0,0,0,0,1,0,0,"- ","- ",,,"SAN FRANCISCO","SAN FRANCISCO",-122.42154693603516,37.761611938476562
9343021,2021,2021-10-14,3801,2021-08-31,2207,1442,NORTH,2,5,7,3801,0,0,0,,0,3E13E,"POLK ST","GOLDEN GATE AV",0.00,,Y,A,-,N,,,,,,,,,,N,3,0,1,3,A,-,12,21453,A,M,D,G,A,A,H,-,C,A,0,,Y,,,Y,,A,01,0,1,0,0,0,0,1,0,0,"- ","- ",,,"SAN FRANCISCO","SAN FRANCISCO",-122.41880035400391,37.781227111816406
9343036,2021,2021-10-14,3801,2021-08-01,1420,1693,BAYVI,7,5,7,3801,0,0,0,,0,901,"ILLINOIS ST","AMADOR ST",60.00,N,N,A,-,N,,,,,,,,,,N,3,0,2,2,B,-,22,,,N,C,-,A,A,H,-,A,D,0,,Y,,,Y,,L,04,0,1,1,0,0,0,2,0,0,"- ","- ",,,"SAN FRANCISCO","SAN FRANCISCO",-122.38605499267578,37.745933532714844
9343089,2021,2021-10-13,3801,2021-06-30,1345,455,SOUTH,3,5,7,3801,0,0,0,,0,0B1,"MISSION ST","FREMONT ST",0.00,,Y,A,-,N,,,,,,,,,,N,4,0,1,2,A,-,08,22101,D,N,D,G,A,A,H,-,A,A,0,,Y,,,Y,,A,07,0,0,1,0,0,0,1,0,0,"- ","- ",,,"SAN FRANCISCO","SAN FRANCISCO",-122.39669036865234,37.790470123291016
9343123,2021,2021-10-08,3801,2021-08-01,0048,709,BAYVI,7,5,7,3801,0,0,0,,0,3C15E,"3RD ST","BAYSHORE BL",0.00,,Y,A,-,N,,,,,,,,,,Y,2,0,2,2,A,-,03,22350,,N,D,G,A,A,H,-,C,A,0,,Y,Y,,Y,,C,02,1,0,1,0,0,0,1,0,1,"- ","- ",,,"SAN FRANCISCO","SAN FRANCISCO",-122.39888000488281,37.715229034423828
9343131,2021,2021-10-08,3801,2021-08-04,1312,1926,NORTH,3,5,7,3801,0,0,0,,0,3E12A,"OFARRELL ST","STEINER ST",0.00,,Y,A,-,N,,,,,,,,,,N,4,0,1,2,A,-,17,22517,,N,H,G,A,A,H,-,A,A,0,,Y,,,Y,,-,,0,0,1,0,0,0,1,0,0,"- ","- ",,,"SAN FRANCISCO","SAN FRANCISCO",-122.43433380126953,37.783069610595703
9343158,2021,2021-10-07,3801,2021-08-13,2310,2357,RICHM,5,5,7,3801,0,0,0,,0,3G13E,"SANTA ROSA AV","MISSION ST",98.00,W,N,A,-,N,,,,,,,,,,N,3,0,1,2,A,-,03,22350,,N,C,E,A,A,H,-,C,D,0,,Y,,,Y,,-,,0,1,0,0,0,0,1,0,0,"- ","- ",,,"SAN FRANCISCO","SAN FRANCISCO",-122.43429565429688,37.725898742675781
9343170,2021,2021-10-13,3801,2021-08-12,1412,2262,TARAV,4,5,7,3801,0,0,0,,0,3I1A,"8TH AV","LAWTON ST",0.00,,Y,A,-,N,,,,,,,,,,N,3,0,1,2,A,-,09,21802,A,N,D,G,A,A,-,-,A,A,0,,Y,,,Y,,A,01,0,1,0,0,0,0,1,0,0,"- ","- ",,,"SAN FRANCISCO","SAN FRANCISCO",-122.46487426757812,37.75848388671875
9343286,2021,2021-10-08,3801,2021-08-17,2048,1571,MISSI,2,5,7,3801,0,0,0,,0,3D41D,"FOLSOM ST","17TH ST",0.00,,Y,A,-,N,,,,,,,,,,N,2,0,1,2,D,-,00,,,F,-,G,A,A,-,-,C,A,0,,Y,,,Y,,-,"- ",1,0,0,0,0,0,1,0,0,"- ","- ",,,"SAN FRANCISCO","SAN FRANCISCO",-122.41515350341797,37.763694763183594
9343314,2021,2021-10-13,3801,2021-08-09,0645,179,NORTH,1,5,7,3801,0,0,0,,0,901,"MCALLISTER ST","STEINER ST",0.00,,Y,A,-,N,,,,,,,,,,N,2,0,1,2,A,-,12,22450,A,N,D,-,A,A,H,-,A,A,0,,Y,,,Y,,L,04,1,0,0,0,0,0,1,0,0,"- ","- ",,,"SAN FRANCISCO","SAN FRANCISCO",-122.43339538574219,37.778419494628906
9343330,2021,2021-10-09,3801,2021-08-23,1655,2025,INGLE,1,5,7,3801,0,0,0,,0,3H16C,MOSCOW,"MOSCOW 942",15.00,N,N,A,-,N,,,,,,,,,,N,2,0,1,2,A,-,08,22107,,N,D,G,A,A,H,-,A,D,0,,Y,,,Y,,L,04,1,0,0,0,0,0,1,0,0,"- ","- ",,,"SAN FRANCISCO","SAN FRANCISCO",,
9343359,2021,2021-10-11,3801,2021-08-20,1011,2188,BAYVI,5,5,7,3801,0,0,0,,0,,"TUNNEL AV","LATHROP AV",72.00,N,N,B,-,N,,,,,,,,,,N,3,0,1,2,A,-,17,21663,,F,G,B,F,A,H,-,A,D,0,Y,Y,,,Y,,L,04,0,1,0,0,1,0,0,0,0,"- ","- ",,,"SAN FRANCISCO","SAN FRANCISCO",-122.40100860595703,37.711235046386719
9343968,2021,2021-10-12,3801,2021-08-28,1810,1126,CENTR,6,5,7,3801,0,0,0,,0,3A4D,EMBARCADERO,"CLAY ST",100.00,S,N,A,-,N,,,,,,,,,,N,4,0,1,2,A,-,08,22107,,N,D,G,A,A,H,-,A,D,0,,Y,,,Y,,L,04,0,0,1,0,0,0,1,0,0,"- ","- ",,,"SAN FRANCISCO","SAN FRANCISCO",-122.39689636230469,37.795223236083984
9343974,2021,2021-10-12,3801,2021-08-07,1805,4175,TRAFF,6,5,7,3801,0,0,0,,0,SOUTER,"HARRISON ST","5TH ST",6.00,W,N,A,-,N,,,,,,,,,,N,2,0,1,2,-,-,"- ",,,N,D,G,A,A,H,-,A,A,0,,Y,,,Y,,-,"- ",1,0,0,0,0,0,1,0,0,"- ","- ",,,"SAN FRANCISCO","SAN FRANCISCO",-122.40188598632812,37.779048919677734
9343978,2021,2021-10-12,3801,2021-08-25,1611,273,RICHM,3,5,7,3801,0,0,0,,0,3G4D,"CLEMENT ST","28TH AV",16.00,W,N,A,-,N,,,,,,,,,,Y,4,0,1,2,A,-,01,23152,A,N,A,G,A,A,H,-,A,A,0,,Y,,,Y,Y,A,01,0,0,1,0,0,0,1,0,0,"- ","- ",,,"SAN FRANCISCO","SAN FRANCISCO",-122.48813629150391,37.781856536865234
9343993,2021,2021-10-13,3801,2021-08-26,2136,2166,TENDE,4,5,7,3801,0,0,0,,0,3J15E,"OFARRELL ST","LARKIN ST",0.00,,Y,A,-,N,,,,,,,,,,N,3,0,1,2,A,-,12,21453,A,F,D,G,A,A,H,-,C,A,0,,Y,,,Y,,L,04,0,1,0,0,0,0,1,0,0,"- ","- ",,,"SAN FRANCISCO","SAN FRANCISCO",-122.41790008544922,37.785167694091797
9343994,2021,2021-10-13,3801,2021-08-26,1745,2419,RICHM,4,5,7,3801,0,0,0,,0,,"TURK BL","ARGUELLO BL",0.00,,Y,A,-,N,,,,,,,,,,,3,0,1,1,A,-,03,22350,,N,E,G,A,A,A,-,A,D,0,,Y,,,Y,,L,04,0,1,0,0,0,0,1,0,0,"- ","- ",,,"SAN FRANCISCO","SAN FRANCISCO",-122.45858764648438,37.777248382568359
9344189,2021,2021-10-08,3801,2021-08-14,1627,1148,MISSI,6,5,7,3801,0,0,0,,0,3D14D,"GURRERO ST","22ND ST",4.00,N,N,A,-,N,,,,,,,,,,N,4,0,1,2,A,-,12,21453,A,N,B,G,A,A,H,-,A,A,0,,Y,,,Y,,L,04,0,0,1,0,0,0,1,0,0,"- ","- ",,,"SAN FRANCISCO","SAN FRANCISCO",-122.42317962646484,37.755191802978516
9345614,2021,2021-10-30,3801,2021-09-14,1715,1427,,2,5,7,3801,0,0,0,,0,,"9TH ST","JESSIE ALY",0.00,,Y,A,-,N,,,,,,,,,,,4,0,1,2,A,-,05,21650,1,N,B,G,A,A,H,-,A,D,0,,Y,,,Y,Y,L,04,0,0,1,0,0,0,1,0,0,"- ","- ",,,"SAN FRANCISCO","SAN FRANCISCO",-122.41532897949219,37.776706695556641
9345615,2021,2021-10-30,3801,2021-09-14,1507,1826,CENTR,2,5,7,3801,0,0,0,,0,003,"COLUMBUS AV","NORTHPOINT DR",0.00,,Y,A,-,N,,,,,,,,,,N,4,0,1,2,A,-,05,21460,A,N,D,G,A,A,H,-,A,A,0,,Y,,,Y,,A,01,0,0,1,0,0,0,1,0,0,"- ","- ",,,"SAN FRANCISCO","SAN FRANCISCO",-122.41836547851562,37.805976867675781
9345622,2021,2021-10-29,3801,2021-09-24,1221,750,TENDE,5,5,7,3801,0,0,0,,0,,"LEAVENWORTH ST","EDDY ST",0.00,,Y,A,-,N,,,,,,,,,,,3,0,2,2,A,-,"- ",,,M,A,-,F,A,H,-,A,A,0,Y,Y,,,Y,,L,04,0,2,0,0,1,0,1,0,0,"- ","- ",,,"SAN FRANCISCO","SAN FRANCISCO",-122.41423797607422,37.783729553222656
9345631,2021,2021-10-29,3801,2021-09-12,1730,1931,NORTH,7,5,7,3801,0,0,0,,0,3E13D,"MCALLISTER ST","FRIENDSHIP ALY",0.00,,Y,A,-,N,,,,,,,,,,Y,3,0,1,2,A,-,08,22107,,N,A,G,A,A,H,-,A,A,0,,Y,,,Y,,L,04,0,1,0,0,0,0,1,0,0,"- ","- ",,,"SAN FRANCISCO","SAN FRANCISCO",-122.43088531494141,37.778743743896484