CASE_ID,ACCIDENT_YEAR,PROC_DATE,JURIS,COLLISION_DATE,COLLISION_TIME,OFFICER_ID,REPORTING_DISTRICT,DAY_OF_WEEK,CHP_SHIFT,POPULATION,CNTY_CITY_LOC,SPECIAL_COND,BEAT_TYPE,CHP_BEAT_TYPE,CITY_DIVISION_LAPD,CHP_BEAT_CLASS,BEAT_NUMBER,PRIMARY_RD,SECONDARY_RD,DISTANCE,DIRECTION,INTERSECTION,WEATHER_1,WEATHER_2,STATE_HWY_IND,CALTRANS_COUNTY,CALTRANS_DISTRICT,STATE_ROUTE,ROUTE_SUFFIX,POSTMILE_PREFIX,POSTMILE,LOCATION_TYPE,RAMP_INTERSECTION,SIDE_OF_HWY,TOW_AWAY,COLLISION_SEVERITY,NUMBER_KILLED,NUMBER_INJURED,PARTY_COUNT,PRIMARY_COLL_FACTOR,PCF_CODE_OF_VIOL,PCF_VIOL_CATEGORY,PCF_VIOLATION,PCF_VIOL_SUBSECTION,HIT_AND_RUN,TYPE_OF_COLLISION,MVIW,PED_ACTION,ROAD_SURFACE,ROAD_COND_1,ROAD_COND_2,LIGHTING,CONTROL_DEVICE,CHP_ROAD_TYPE,PEDESTRIAN_ACCIDENT,BICYCLE_ACCIDENT,MOTORCYCLE_ACCIDENT,TRUCK_ACCIDENT,NOT_PRIVATE_PROPERTY,ALCOHOL_INVOLVED,STWD_VEHTYPE_AT_FAULT,CHP_VEHTYPE_AT_FAULT,COUNT_SEVERE_INJ,COUNT_VISIBLE_INJ,COUNT_COMPLAINT_PAIN,COUNT_PED_KILLED,COUNT_PED_INJURED,COUNT_BICYCLIST_KILLED,COUNT_BICYCLIST_INJURED,COUNT_MC_KILLED,COUNT_MC_INJURED,PRIMARY_RAMP,SECONDARY_RAMP,LATITUDE,LONGITUDE,COUNTY,CITY,POINT_X,POINT_Y
9453909,2022,2022-07-15,3801,2022-06-24,2235,1207,TENDE,5,5,7,3801,0,0,0,,0,0J1,"MARKET ST","HYDE ST",332.00,W,N,A,-,N,,,,,,,,,,N,3,0,1,1,B,-,22,,,N,F,A,A,A,H,-,C,D,0,,Y,,,Y,Y,L,04,0,1,0,0,0,0,1,0,0,"- ","- ",,,"SAN FRANCISCO","SAN FRANCISCO",-122.41558837890625,37.778079986572266
9453914,2022,2022-07-15,3801,2022-06-28,1626,2704,SOUTH,2,5,7,3801,0,0,0,,0,,"HOWARD ST","WASHBURN ST",65.00,W,N,A,-,N,,,,,,,,,,N,3,0,1,2,A,-,21,22106,,N,D,G,A,A,H,-,A,D,0,,Y,,,Y,,L,04,0,1,0,0,0,0,0,0,0,"- ","- ",,,"SAN FRANCISCO","SAN FRANCISCO",-122.41375732421875,37.7745361328125
9453927,2022,2022-07-14,3801,2022-06-11,0745,392,MISSI,6,5,7,3801,0,0,0,,0,3D14A,"MISSION ST","25TH ST",15.00,N,N,A,-,N,,,,,,,,,,N,4,0,1,2,A,-,09,21801,A,N,D,G,A,A,H,-,A,A,0,,Y,,,Y,,A,01,0,0,1,0,0,0,1,0,0,"- ","- ",,,"SAN FRANCISCO","SAN FRANCISCO",-122.41830444335938,37.750701904296875
9453928,2022,2022-07-14,3801,2022-06-10,2209,2167,NORTH,5,5,7,3801,0,0,0,,0,3E13E,"POLK ST","OFARRELL ST",0.00,,Y,A,-,N,,,,,,,,,,N,3,0,1,2,A,-,08,22107,,F,D,G,A,A,H,-,C,A,0,,Y,,,Y,,-,,0,1,0,0,0,0,1,0,0,"- ","- ",,,"SAN FRANCISCO","SAN FRANCISCO",-122.41954803466797,37.784969329833984
9453947,2022,2022-07-14,3801,2022-06-25,0950,392,MISSI,6,5,7,3801,0,0,0,,0,3D14A,"14TH ST","GUERRERO ST",235.00,E,N,A,-,N,,,,,,,,,,N,3,0,1,2,A,-,08,22107,,N,H,G,A,A,H,-,A,D,0,,Y,,,Y,,A,01,0,1,0,0,0,0,1,0,0,"- ","- ",,,"SAN FRANCISCO","SAN FRANCISCO",-122.42359924316406,37.76806640625
9453965,2022,2022-07-14,3801,2022-06-23,2345,1096,CENTR,4,5,7,3801,0,0,0,,0,3A14E,"THE EMBARCADERO NORTH","BAY ST",235.00,S,N,B,-,N,,,,,,,,,,N,2,0,1,2,A,-,05,21651,,N,A,G,A,A,H,-,C,D,0,,Y,,,Y,,L,04,1,0,0,0,0,0,1,0,0,"- ","- ",,,"SAN FRANCISCO","SAN FRANCISCO",-122.40528106689453,37.806285858154297
9453980,2022,2022-07-14,3801,2022-06-23,0715,432,MISSI,4,5,7,3801,0,0,0,,0,3D11A,"17TH ST","FOLSOM ST",0.00,,Y,A,-,N,,,,,,,,,,N,3,0,1,2,A,-,08,22107,,N,B,G,A,A,H,-,A,D,0,,Y,,,Y,,A,01,0,1,0,0,0,0,1,0,0,"- ","- ",,,"SAN FRANCISCO","SAN FRANCISCO",-122.41515350341797,37.763694763183594
9453991,2022,2022-08-31,3801,2022-06-11,0847,242,NORTH,6,5,7,3801,0,0,0,,0,901,"SCOTT ST","FILBERT ST",31.00,N,N,A,-,N,,,,,,,,,,N,3,0,2,2,C,-,18,,,N,C,-,A,A,H,-,A,D,0,,Y,,,Y,,-,"- ",0,2,0,0,0,0,2,0,0,"- ","- ",,,"SAN FRANCISCO","SAN FRANCISCO",-122.44063568115234,37.797473907470703
9453993,2022,2022-07-15,3801,2022-06-10,1813,2093,NORTH,5,5,7,3801,0,0,0,,0,3E14D,"CALIFORNIA ST","FILLMORE ST",0.00,,Y,A,-,N,,,,,,,,,,N,4,0,1,2,A,-,09,21801,A,N,D,G,A,A,H,-,A,A,0,,Y,,,Y,,A,07,0,0,1,0,0,0,1,0,0,"- ","- ",,,"SAN FRANCISCO","SAN FRANCISCO",-122.43382263183594,37.788913726806641
9454023,2022,2022-07-15,3801,2022-06-03,2300,1463,SOUTH,5,5,7,3801,0,0,0,,0,0J1,"MARKET ST","7TH ST",0.00,,Y,B,-,N,,,,,,,,,,N,2,0,1,1,A,-,03,22350,,N,H,A,A,A,H,-,C,A,0,,Y,,,Y,,L,04,1,0,0,0,0,0,1,0,0,"- ","- ",,,"SAN FRANCISCO","SAN FRANCISCO",-122.41251373291016,37.780479431152344
9454163,2022,2022-07-13,3801,2022-04-20,1455,1826,CENTR,3,5,7,3801,0,0,0,,0,3A13C,"COLOMBUS AV","NORTH POINT ST",0.00,,Y,A,-,N,,,,,,,,,,N,3,0,1,2,A,-,09,21801,A,N,B,G,A,A,H,-,A,A,0,,Y,Y,,Y,,C,03,0,1,0,0,0,0,1,0,0,"- ","- ",,,"SAN FRANCISCO","SAN FRANCISCO",-122.41836547851562,37.805976867675781
9454164,2022,2022-07-19,3801,2022-04-19,1300,4267,TARAV,2,5,7,3801,0,0,0,,0,3I16A,"ALEMANY BL","SAINT CHARLES AV",0.00,,Y,A,-,N,,,,,,,,,,N,3,0,1,2,A,-,09,21802,,N,D,J,A,A,H,-,A,A,0,,Y,,,Y,,A,01,0,1,0,0,0,0,1,0,0,"- ","- ",,,"SAN FRANCISCO","SAN FRANCISCO",-122.46935272216797,37.710700988769531
9459051,2022,2022-06-09,3801,2022-05-26,2030,539,MISSI,4,5,7,3801,0,0,0,,0,MISSIO,"24TH ST","CAPP ST",0.00,,Y,A,-,N,,,,,,,,,,N,4,0,1,2,A,-,03,22350,,F,C,G,A,A,H,-,B,A,0,,Y,,,Y,,A,01,0,0,1,0,0,0,1,0,0,"- ","- ",,,"SAN FRANCISCO","SAN FRANCISCO",-122.41733551025391,37.752307891845703
9460100,2022,2022-06-24,3801,2022-01-18,1820,4314,RICHM,2,5,7,3801,0,0,0,,0,0G1,"JOHN F KENNEDY DR","47TH AV",530.00,E,N,A,-,N,,,,,,,,,,N,3,0,1,2,A,-,09,21801,A,N,D,G,A,A,H,-,A,D,0,,Y,,,Y,,A,07,0,1,0,0,0,0,1,0,0,"- ","- ",,,"SAN FRANCISCO","SAN FRANCISCO",-122.50727844238281,37.767997741699219
9468655,2023,2023-09-21,3801,2023-08-19,2114,4103,MISSI,6,5,7,3801,0,0,0,,0,903,"15TH ST","15TH ST 1600",0.00,,-,A,-,N,,,,,,,,,,N,3,0,1,2,A,-,17,22517,,N,H,G,A,A,H,-,-,-,0,,Y,,,Y,,A,01,0,1,0,0,0,0,1,0,0,"- ","- ",,,"SAN FRANCISCO","SAN FRANCISCO",-122.47441864013672,37.7869873046875
9468660,2023,2023-09-21,3801,2023-08-20,2302,1217,MISSI,7,5,7,3801,0,0,0,,0,,"DOLORES ST","19TH ST",0.00,,Y,A,-,N,,,,,,,,,,,3,0,1,2,A,-,"- ",,,N,D,G,A,A,H,-,C,A,0,,Y,,,Y,,L,04,0,1,0,0,0,0,1,0,0,"- ","- ",,,"SAN FRANCISCO","SAN FRANCISCO",-122.42600250244141,37.759849548339844
9468683,2023,2023-09-21,3801,2023-08-19,1125,310,SOUTH,6,5,7,3801,0,0,0,,0,3B49,"TOWNSEND ST","7TH ST",588.00,W,N,A,-,N,,,,,,,,,,N,3,0,1,2,A,-,09,21800,B,N,D,G,A,A,H,-,A,D,0,,Y,,,Y,,D,22,0,1,0,0,0,0,1,0,0,"- ","- ",,,"SAN FRANCISCO","SAN FRANCISCO",-122.403076171875,37.770671844482422
9468706,2023,2023-09-14,3801,2023-08-08,1551,260,SOUTH,2,5,7,3801,0,0,0,,0,3B12D,"4TH ST","FOLSOM ST",0.00,,Y,A,-,N,,,,,,,,,,N,4,0,1,2,A,-,04,21703,,N,C,G,A,A,H,-,A,A,0,,Y,,,Y,,A,01,0,0,1,0,0,0,1,0,0,"- ","- ",,,"SAN FRANCISCO","SAN FRANCISCO",-122.40116119384766,37.782035827636719
9468711,2023,2023-09-15,3801,2023-08-06,1410,2745,TENDE,7,5,7,3801,0,0,0,,0,3J91D,"MARKET ST","5TH ST",350.00,E,N,A,-,N,,,,,,,,,,N,4,0,1,1,A,-,"- ",,,N,H,-,A,-,H,-,A,D,0,,Y,,,Y,,L,04,0,0,1,0,0,0,1,0,0,"- ","- ",,,"SAN FRANCISCO","SAN FRANCISCO",-122.40719604492188,37.784671783447266
9468748,2023,2023-09-13,3801,2023-07-01,0210,2708,SOUTH,6,5,7,3801,0,0,0,,0,3B13E,"FOLSOM ST","7TH ST",0.00,,Y,A,-,N,,,,,,,,,,N,3,0,1,2,A,-,00,22106,A,N,-,G,A,A,H,-,C,D,0,,Y,,,Y,,A,01,0,1,0,0,0,0,1,0,0,"- ","- ",,,"SAN FRANCISCO","SAN FRANCISCO",-122.40784454345703,37.776771545410156
9468783,2023,2023-09-12,3801,2023-07-19,1625,1994,TRAFF,3,5,7,3801,0,0,0,,0,4B3G,"MARKET ST","CYRIL MAGNIN ST",30.00,W,N,A,-,N,,,,,,,,,,N,3,0,2,2,A,-,05,21651,,N,A,G,A,A,D,-,A,A,0,,Y,,,Y,,M,94,0,2,0,0,0,0,1,0,0,"- ","- ",,,"SAN FRANCISCO","SAN FRANCISCO",-122.40813446044922,37.783939361572266
9468793,2023,2023-09-11,3801,2023-07-26,1440,82,MISSI,3,5,7,3801,0,0,0,,0,3D45C,"17TH ST","DOLORES ST",0.00,,Y,A,-,N,,,,,,,,,,N,4,0,1,2,A,-,12,21453,A,N,D,G,A,A,H,-,A,A,0,,Y,,,Y,,L,04,0,0,1,0,0,0,1,0,0,"- ","- ",,,"SAN FRANCISCO","SAN FRANCISCO",-122.42630004882812,37.763008117675781
9468800,2023,2023-09-11,3801,2023-07-25,1656,93,NORTH,2,5,7,3801,0,0,0,,0,3E6C,"VAN NESS AV","FRANCISCO ST",10.00,S,N,A,-,N,,,,,,,,,,N,4,0,1,2,A,-,08,22100,A,N,D,G,A,A,H,-,A,A,0,,Y,,,Y,,A,01,0,0,1,0,0,0,1,0,0,"- ","- ",,,"SAN FRANCISCO","SAN FRANCISCO",-122.42495727539062,37.803173065185547
9468801,2023,2023-09-11,3801,2023-07-26,2210,1706,SOUTH,3,5,7,3801,0,0,0,,0,3B14E,"HARRISON ST","HARRISON ST 674",0.00,,N,A,-,N,,,,,,,,,,N,4,0,1,2,D,-,00,,,N,B,G,A,A,H,-,D,A,0,,Y,,,Y,,-,"- ",0,0,1,0,0,0,1,0,0,"- ","- ",,,"SAN FRANCISCO","SAN FRANCISCO",,
9468812,2023,2023-09-11,3801,2023-07-24,1540,4047,MISSI,1,5,7,3801,0,0,0,,0,3D16D,"FOLSOM ST","17TH ST",166.00,N,N,A,-,N,,,,,,,,,,N,4,0,1,2,A,-,17,22517,,N,H,G,A,A,H,-,A,D,0,,Y,,,Y,,A,01,0,0,1,0,0,0,1,0,0,"- ","- ",,,"SAN FRANCISCO","SAN FRANCISCO",-122.41519165039062,37.764144897460938
9468831,2023,2023-09-13,3801,2023-07-12,1715,2401,MISSI,3,5,7,3801,0,0,0,,0,3D45C,"SAN CARLOS ST","21ST ST",0.00,,Y,-,-,N,,,,,,,,,,N,3,0,1,2,A,-,17,21657,,F,A,G,A,-,-,-,-,-,0,,Y,Y,,Y,,C,03,0,1,0,0,0,0,1,0,0,"- ","- ",,,"SAN FRANCISCO","SAN FRANCISCO",-122.41970062255859,37.756980895996094
9469448,2023,2023-09-13,3801,2023-08-29,1337,1051,NORTH,2,5,7,3801,0,0,0,,0,3E13C,"POST ST","POLK ST",0.00,,Y,A,-,N,,,,,,,,,,N,4,0,1,2,A,-,12,21453,A,N,D,G,A,A,H,-,A,A,0,,Y,,,Y,,L,04,0,0,1,0,0,0,1,0,0,"- ","- ",,,"SAN FRANCISCO","SAN FRANCISCO",-122.41989898681641,37.786834716796875
9469452,2023,2023-09-21,3801,2023-08-27,1350,537,PARK,7,5,7,3801,0,0,0,,0,3F00,"OAK ST","SCOTT ST",0.00,,Y,A,-,N,,,,,,,,,,N,4,0,1,2,A,-,"- ",,,N,A,G,A,A,H,-,A,D,0,,Y,,,Y,,-,"- ",0,0,1,0,0,0,1,0,0,"- ","- ",,,"SAN FRANCISCO","SAN FRANCISCO",-122.43576812744141,37.773334503173828
9469458,2023,2023-09-21,3801,2023-08-17,1400,1759,PARK,4,5,7,3801,0,0,0,,0,,"ASHBURY ST","CLAYTON ST",32.00,E,N,A,-,N,,,,,,,,,,N,3,0,1,2,A,-,08,22107,,N,D,G,A,A,H,-,A,D,0,,Y,,,Y,Y,L,04,0,1,0,0,0,0,1,0,0,"- ","- ",,,"SAN FRANCISCO","SAN FRANCISCO",-122.44696044921875,37.762763977050781
9469530,2023,2023-10-02,3801,2023-08-26,1411,2728,TENDE,6,5,7,3801,0,0,0,,0,908,"EDDY ST","HYDE ST",0.00,,Y,A,-,N,,,,,,,,,,Y,2,0,1,2,A,-,09,21801,A,N,F,G,A,A,H,-,A,A,0,,Y,,,Y,,A,01,1,0,0,0,0,0,1,0,0,"- ","- ",,,"SAN FRANCISCO","SAN FRANCISCO",-122.41588592529297,37.783512115478516
9472117,2022,2022-07-14,3801,2022-06-15,1859,309,TARAV,3,5,7,3801,0,0,0,,0,3111D,"KIRKHAM ST","10TH AV",0.00,,Y,A,-,N,,,,,,,,,,N,3,0,1,2,A,-,04,21703,,F,C,G,A,A,H,-,A,A,0,,Y,,,Y,,A,01,0,1,0,0,0,0,1,0,0,"- ","- ",,,"SAN FRANCISCO","SAN FRANCISCO",-122.46714019775391,37.760246276855469
9472269,2022,2022-07-20,3801,2022-03-05,1853,2241,NORTH,6,5,7,3801,0,0,0,,0,3E13D,"EDDY ST","FRANKLIN ST",0.00,,Y,A,-,N,,,,,,,,,,N,4,0,1,2,A,-,08,22107,,N,B,G,A,A,H,-,C,A,0,,Y,,,Y,,-,,0,0,1,0,0,0,1,0,0,"- ","- ",,,"SAN FRANCISCO","SAN FRANCISCO",-122.42243957519531,37.782665252685547
9478917,2022,2022-09-08,3801,2022-04-07,1518,2134,TENDE,4,5,7,3801,0,0,0,,0,3J11D,"7TH ST","MARKET ST",0.00,,N,A,-,N,,,,,,,,,,N,4,0,1,3,A,-,17,22517,,N,H,G,A,A,H,-,A,A,0,,Y,,,Y,,-,,0,0,1,0,0,0,1,0,0,"- ","- ",,,"SAN FRANCISCO","SAN FRANCISCO",-122.41251373291016,37.780479431152344
9481463,2022,2022-08-08,3801,2022-07-20,1006,4286,RICHM,3,5,7,3801,0,0,0,,0,0G4,"ANZA ST","17TH AV",0.00,,Y,A,-,N,,,,,,,,,,N,4,0,1,2,A,-,12,22450,A,N,H,G,A,A,H,-,A,D,0,,Y,,,Y,,L,04,0,0,1,0,0,0,1,0,0,"- ","- ",,,"SAN FRANCISCO","SAN FRANCISCO",-122.47602844238281,37.778545379638672
9481491,2022,2022-08-08,3801,2022-07-11,1712,4001,MISSI,1,5,7,3801,0,0,0,,0,,"CAPP ST","19TH ST",35.00,S,N,A,-,N,,,,,,,,,,N,3,0,1,2,A,-,03,22350,,F,A,G,A,A,H,-,A,A,0,,Y,,,Y,,A,01,0,1,0,0,0,0,1,0,0,"- ","- ",,,"SAN FRANCISCO","SAN FRANCISCO",-122.41809844970703,37.76019287109375
9481500,2022,2022-08-10,3801,2022-07-10,1630,1179,TENDE,7,5,7,3801,0,0,0,,0,3J12D,EMBARCADERO,"HOBART ST",0.00,,Y,A,-,N,,,,,,,,,,N,3,0,1,2,A,-,17,21209,A,N,H,I,A,A,G,-,A,-,0,,Y,,,Y,,-,,0,1,0,0,0,0,1,0,0,"- ","- ",,,"SAN FRANCISCO","SAN FRANCISCO",,
9481507,2022,2022-08-10,3801,2022-07-22,1920,1198,MISSI,5,5,7,3801,0,0,0,,0,,"17TH ST","CHURCH ST",0.00,,Y,A,-,N,,,,,,,,,,N,4,0,1,1,A,-,17,21209,,N,H,I,A,A,H,-,A,D,0,,Y,,,Y,Y,-,"- ",0,0,1,0,0,0,1,0,0,"- ","- ",,,"SAN FRANCISCO","SAN FRANCISCO",-122.42851257324219,37.762882232666016
9481517,2022,2022-08-10,3801,2022-07-20,1653,1631,SOUTH,3,5,7,3801,0,0,0,,0,3B15D,"2ND ST","KING ST",0.00,,Y,A,-,N,,,,,,,,,,N,4,0,1,2,A,-,09,21804,A,F,D,G,A,A,H,-,A,A,0,,Y,,,Y,,-,,0,0,1,0,0,0,1,0,0,"- ","- ",,,"SAN FRANCISCO","SAN FRANCISCO",-122.38970184326172,37.779956817626953
9483543,2022,2022-08-08,3801,2022-07-14,2354,2491,SOUTH,4,5,7,3801,0,0,0,,0,3B14E,"11TH ST","HARRISON ST",0.00,,Y,A,-,N,,,,,,,,,,N,4,0,1,2,A,-,07,21658,A,F,B,G,A,A,H,-,C,D,0,,Y,,,Y,Y,A,07,0,0,1,0,0,0,1,0,0,"- ","- ",,,"SAN FRANCISCO","SAN FRANCISCO",-122.41246795654297,37.770633697509766
9483549,2022,2022-08-08,3801,2022-05-13,0823,1387,CENTR,5,5,7,3801,0,0,0,,0,3A5A,"MARKET ST","1ST ST",0.00,,Y,A,-,N,,,,,,,,,,N,3,0,1,2,A,-,09,21801,A,F,D,G,A,A,H,-,A,A,0,,Y,,,Y,,A,01,0,1,0,0,0,0,1,0,0,"- ","- ",,,"SAN FRANCISCO","SAN FRANCISCO",-122.39913940429688,37.791053771972656
9483557,2022,2022-08-08,3801,2022-06-30,0124,308,RICHM,4,5,7,3801,0,0,0,,0,3G15E,"ANZA ST","23RD AV",0.00,,Y,A,-,N,,,,,,,,,,N,3,0,1,1,A,-,03,22350,,N,A,A,A,A,H,-,C,D,0,,Y,,,Y,,L,04,0,1,0,0,0,0,1,0,0,"- ","- ",,,"SAN FRANCISCO","SAN FRANCISCO",-122.48243713378906,37.778274536132812
9483600,2022,2022-08-05,3801,2022-07-05,1502,2493,PARK,2,5,7,3801,0,0,0,,0,3F13A,"7TH AV","LAWTON ST",0.00,,-,A,-,N,,,,,,,,,,N,2,0,1,2,A,-,17,22517,,N,B,G,A,A,H,-,A,D,0,,Y,,,Y,,A,01,1,0,0,0,0,0,1,0,0,"- ","- ",,,"SAN FRANCISCO","SAN FRANCISCO",-122.46382904052734,37.758537292480469
9494255,2022,2022-09-29,3801,2022-01-12,1617,2479,NORTH,3,5,7,3801,0,0,0,,0,3E14D,"VAN NESS AV","FILBERT ST",15.00,E,N,A,-,N,,,,,,,,,,N,4,0,1,2,A,-,12,21453,A,N,D,G,A,A,H,-,A,A,0,,Y,,Y,Y,,F,26,0,0,1,0,0,0,1,0,0,"- ","- ",,,"SAN FRANCISCO","SAN FRANCISCO",-122.42411041259766,37.799457550048828
9502436,2022,2022-09-27,3801,2022-08-22,1340,4314,RICHM,1,5,7,3801,0,0,0,,0,0G3,"CABRILLO ST","4TH AV",0.00,,Y,-,-,N,,,,,,,,,,N,3,0,1,2,A,-,12,22450,A,N,-,-,A,-,-,-,-,-,0,,Y,,,Y,,L,04,0,1,0,0,0,0,1,0,0,"- ","- ",,,"SAN FRANCISCO","SAN FRANCISCO",-122.46174621582031,37.775466918945312
9502463,2022,2022-12-13,3801,2022-06-13,2020,1427,TENDE,1,5,7,3801,0,0,0,,0,3J11D,"MARKET ST","MCALLISTER ST",225.00,E,N,A,-,N,,,,,,,,,,N,4,0,1,2,A,-,08,22107,,N,B,G,A,A,C,-,B,-,0,,Y,,,Y,,D,22,0,0,1,0,0,0,1,0,0,"- ","- ",,,"SAN FRANCISCO","SAN FRANCISCO",-122.41108703613281,37.7816162109375
9502480,2022,2022-10-06,3801,2022-08-22,0837,1527,NORTH,1,5,7,3801,0,0,0,,0,03E,"VAN NESS AV","MCALLISTER ST",6.00,W,N,A,-,N,,,,,,,,,,N,4,0,1,2,A,-,08,22107,,F,D,G,A,A,H,-,A,A,0,,Y,,,Y,,D,22,0,0,1,0,0,0,1,0,0,"- ","- ",,,"SAN FRANCISCO","SAN FRANCISCO",-122.42020416259766,37.780075073242188
9503051,2022,2022-09-21,3801,2022-08-18,1337,1304,NORTH,4,5,7,3801,0,0,0,,0,3E5A,"FELL ST","DIVISADERO ST",118.00,E,N,A,-,N,,,,,,,,,,N,4,0,1,2,A,-,09,21801,A,N,D,G,A,A,H,-,A,D,0,,Y,,,Y,,A,01,0,0,1,0,0,0,1,0,0,"- ","- ",,,"SAN FRANCISCO","SAN FRANCISCO",-122.43719482421875,37.77410888671875
9503059,2022,2022-10-11,3801,2022-08-18,1739,1945,BAYVI,4,5,7,3801,0,0,0,,0,3C13D,"3RD ST","LA SALLE AV",0.00,,Y,A,-,N,,,,,,,,,,N,4,0,1,2,A,-,03,22350,,N,D,-,A,A,H,-,A,A,0,,Y,,,Y,,-,"- ",0,0,1,0,0,0,1,0,0,"- ","- ",,,"SAN FRANCISCO","SAN FRANCISCO",-122.38993835449219,37.737216949462891
9503061,2022,2022-09-22,3801,2022-08-05,1440,724,INGLE,5,5,7,3801,0,0,0,,0,3H13C,"ACTON ST","MISSION ST",0.00,,Y,A,-,N,,,,,,,,,,N,3,0,1,2,A,-,12,21453,A,N,D,G,A,A,H,-,A,A,0,,Y,,,Y,Y,L,04,0,1,0,0,0,0,1,0,0,"- ","- ",,,"SAN FRANCISCO","SAN FRANCISCO",-122.4527587890625,37.70880126953125
9503072,2022,2022-09-23,3801,2022-08-22,1013,1949,CENTR,1,5,7,3801,0,0,0,,0,3A11A,"THE EMBARCADERO",LOMBARD,0.00,,Y,A,-,N,,,,,,,,,,N,4,0,1,2,A,-,17,22517,,N,H,G,A,A,-,-,A,A,0,,Y,,,Y,,A,01,0,0,1,0,0,0,1,0,0,"- ","- ",,,"SAN FRANCISCO","SAN FRANCISCO",-122.40220642089844,37.804168701171875
9503095,2022,2022-09-21,3801,2022-08-07,1355,737,NORTH,7,5,7,3801,0,0,0,,0,3E77,"EDDY ST","FILLMORE ST",0.00,,Y,A,-,N,,,,,,,,,,N,3,0,1,2,A,-,08,22107,,N,D,G,A,A,H,-,A,D,0,,Y,,,Y,,L,04,0,1,0,0,0,0,1,0,0,"- ","- ",,,"SAN FRANCISCO","SAN FRANCISCO",-122.43231964111328,37.781425476074219
9503106,2022,2022-09-21,3801,2022-08-09,1830,1100,TENDE,2,5,7,3801,0,0,0,,0,3J5D,"MARKET ST","5TH ST",120.00,E,N,A,-,N,,,,,,,,,,N,3,0,1,1,A,-,03,22350,,N,F,I,A,A,-,-,A,D,0,,Y,,,Y,,L,04,0,1,0,0,0,0,1,0,0,"- ","- ",,,"SAN FRANCISCO","SAN FRANCISCO",-122.40776062011719,37.784229278564453
9503116,2022,2022-09-21,3801,2022-08-15,0849,621,CENTR,1,5,7,3801,0,0,0,,0,3A13A,"KEARNY ST","VER MEHR PL",18.00,S,N,A,-,N,,,,,,,,,,N,4,0,1,2,A,-,06,21755,,N,B,G,A,A,H,-,A,D,0,,Y,,,Y,,A,01,0,0,1,0,0,0,1,0,0,"- ","- ",,,"SAN FRANCISCO","SAN FRANCISCO",-122.40373992919922,37.789291381835938
9503117,2022,2022-09-21,3801,2022-08-11,2112,2035,MISSI,4,5,7,3801,0,0,0,,0,3D16E,"17TH ST","BRYAN ST",0.00,,Y,A,-,N,,,,,,,,,,N,4,0,1,2,A,-,09,21801,,N,D,G,A,A,H,-,C,A,0,,Y,,,Y,,A,01,0,0,1,0,0,0,1,0,0,"- ","- ",,,"SAN FRANCISCO","SAN FRANCISCO",-122.41038513183594,37.764324188232422
9503119,2022,2022-09-21,3801,2022-08-11,1745,1148,MISSI,4,5,7,3801,0,0,0,,0,3D15D,"MISSION ST","15TH ST",76.00,N,N,A,-,N,,,,,,,,,,N,4,0,1,2,A,-,05,21460,A,N,D,G,A,A,H,-,A,D,0,,Y,,,Y,,A,01,0,0,1,0,0,0,1,0,0,"- ","- ",,,"SAN FRANCISCO","SAN FRANCISCO",-122.41983795166016,37.766880035400391
9503141,2022,2022-09-19,3801,2022-07-31,1944,4178,NORTH,7,5,7,3801,0,0,0,,0,4B3A,"WEBSTER ST","HAYES ST",0.00,,Y,A,-,N,,,,,,,,,,N,2,0,1,2,A,-,12,21453,A,N,D,G,A,A,H,-,B,A,0,,Y,,,Y,,L,04,1,0,0,0,0,0,1,0,0,"- ","- ",,,"SAN FRANCISCO","SAN FRANCISCO",-122.42953491210938,37.776042938232422
9503187,2022,2022-09-21,3801,2022-08-28,1641,1133,CENTR,7,5,7,3801,0,0,0,,0,0A4,"THE EMBARCADERO",BROADWAY,0.00,,Y,A,-,N,,,,,,,,,,N,3,0,1,2,A,-,12,21453,A,F,D,C,A,A,H,-,A,A,0,,Y,Y,,Y,,L,04,0,1,0,0,0,0,0,0,1,"- ","- ",,,"SAN FRANCISCO","SAN FRANCISCO",-122.39775848388672,37.799182891845703
9503197,2022,2022-09-21,3801,2022-08-20,2115,2479,BAYVI,6,5,7,3801,0,0,0,,0,3C13E,"3RD ST","KIRKWOOD AV",0.00,,Y,A,-,N,,,,,,,,,,N,4,0,1,1,A,-,03,22350,,N,E,I,A,A,H,-,C,A,0,,Y,,,Y,,L,04,0,0,1,0,0,0,1,0,0,"- ","- ",,,"SAN FRANCISCO","SAN FRANCISCO",-122.38967895507812,37.737998962402344
9503252,2022,2022-09-21,3801,2022-08-16,0719,1316,RICHM,2,5,7,3801,0,0,0,,0,3G14A,"CHAIN OF LAKES DR E","JOHN F KENNEDY DR",0.00,,Y,A,-,N,,,,,,,,,,N,3,0,1,2,A,-,12,22450,A,N,D,G,A,A,H,-,A,A,0,,Y,,,Y,,A,01,0,1,0,0,0,0,1,0,0,"- ","- ",,,"SAN FRANCISCO","SAN FRANCISCO",,
9503260,2022,2022-10-05,3801,2022-08-02,1624,104,TRAFF,2,5,7,3801,0,0,0,,0,104,"TERRY A FRANCOIS BL","3RD ST",98.00,E,N,A,-,N,,,,,,,,,,N,3,0,2,2,A,-,03,22350,,N,A,-,A,A,H,-,A,D,0,,Y,,,Y,,-,"- ",0,2,0,0,0,0,1,0,0,"- ","- ",,,"SAN FRANCISCO","SAN FRANCISCO",-122.38990020751953,37.776298522949219