CASE_ID,ACCIDENT_YEAR,PROC_DATE,JURIS,COLLISION_DATE,COLLISION_TIME,OFFICER_ID,REPORTING_DISTRICT,DAY_OF_WEEK,CHP_SHIFT,POPULATION,CNTY_CITY_LOC,SPECIAL_COND,BEAT_TYPE,CHP_BEAT_TYPE,CITY_DIVISION_LAPD,CHP_BEAT_CLASS,BEAT_NUMBER,PRIMARY_RD,SECONDARY_RD,DISTANCE,DIRECTION,INTERSECTION,WEATHER_1,WEATHER_2,STATE_HWY_IND,CALTRANS_COUNTY,CALTRANS_DISTRICT,STATE_ROUTE,ROUTE_SUFFIX,POSTMILE_PREFIX,POSTMILE,LOCATION_TYPE,RAMP_INTERSECTION,SIDE_OF_HWY,TOW_AWAY,COLLISION_SEVERITY,NUMBER_KILLED,NUMBER_INJURED,PARTY_COUNT,PRIMARY_COLL_FACTOR,PCF_CODE_OF_VIOL,PCF_VIOL_CATEGORY,PCF_VIOLATION,PCF_VIOL_SUBSECTION,HIT_AND_RUN,TYPE_OF_COLLISION,MVIW,PED_ACTION,ROAD_SURFACE,ROAD_COND_1,ROAD_COND_2,LIGHTING,CONTROL_DEVICE,CHP_ROAD_TYPE,PEDESTRIAN_ACCIDENT,BICYCLE_ACCIDENT,MOTORCYCLE_ACCIDENT,TRUCK_ACCIDENT,NOT_PRIVATE_PROPERTY,ALCOHOL_INVOLVED,STWD_VEHTYPE_AT_FAULT,CHP_VEHTYPE_AT_FAULT,COUNT_SEVERE_INJ,COUNT_VISIBLE_INJ,COUNT_COMPLAINT_PAIN,COUNT_PED_KILLED,COUNT_PED_INJURED,COUNT_BICYCLIST_KILLED,COUNT_BICYCLIST_INJURED,COUNT_MC_KILLED,COUNT_MC_INJURED,PRIMARY_RAMP,SECONDARY_RAMP,LATITUDE,LONGITUDE,COUNTY,CITY,POINT_X,POINT_Y
9503318,2022,2022-09-22,3801,2022-07-10,1000,1148,MISSI,7,5,7,3801,0,0,0,,0,3D15D,"26TH ST","FAIR OAKS ST",0.00,,Y,A,-,N,,,,,,,,,,N,3,0,1,2,A,-,09,21801,A,N,D,G,A,A,H,-,A,D,0,,Y,,,Y,,A,01,0,1,0,0,0,0,1,0,0,"- ","- ",,,"SAN FRANCISCO","SAN FRANCISCO",-122.42366790771484,37.748710632324219
9505231,2022,2022-10-11,3801,2022-05-11,1036,1347,PARK,3,5,7,3801,0,0,0,,0,004,"WALLER ST","FILLMORE ST",0.00,,Y,A,-,N,,,,,,,,,,N,3,0,1,2,A,-,12,22450,A,N,D,G,A,A,H,-,A,A,0,,Y,,,Y,,L,04,0,1,0,0,0,0,1,0,0,"- ","- ",,,"SAN FRANCISCO","SAN FRANCISCO",-122.43023681640625,37.771190643310547
9505607,2022,2022-11-17,3801,2022-10-26,2210,2330,TARVA,3,5,7,3801,0,0,0,,0,3I13E,"TARAVAL ST","41ST AV",0.00,,Y,A,-,N,,,,,,,,,,N,2,0,1,2,A,-,17,21200,,N,D,G,A,A,H,-,C,A,0,,Y,,,Y,,L,04,1,0,0,0,0,0,1,0,0,"- ","- ",,,"SAN FRANCISCO","SAN FRANCISCO",-122.49925994873047,37.742012023925781
9505647,2022,2022-11-17,3801,2022-10-27,0720,1917,TARAV,4,5,7,3801,0,0,0,,0,3I1DA,"SANTA CLARA AV","SAINT FRANCIS BL",0.00,,Y,A,-,N,,,,,,,,,,N,4,0,1,2,A,-,09,21802,A,N,D,G,A,A,H,-,C,A,0,,Y,,,Y,,D,22,0,0,1,0,0,0,1,0,0,"- ","- ",,,"SAN FRANCISCO","SAN FRANCISCO",-122.46625518798828,37.734947204589844
9505785,2022,2022-11-08,3801,2022-09-30,2115,1544,CENTR,5,5,7,3801,0,0,0,,0,,"MARKET ST",SUTTER,39.00,W,N,A,-,N,,,,,,,,,,N,2,0,1,1,C,-,18,,,N,E,J,A,A,A,-,C,A,0,,Y,,,Y,,-,"- ",1,0,0,0,0,0,1,0,0,"- ","- ",,,"SAN FRANCISCO","SAN FRANCISCO",-122.40023803710938,37.79022216796875
9505789,2022,2022-11-08,3801,2022-09-30,1746,1680,MISSI,5,5,7,3801,0,0,0,,0,3D13D,"MISSION ST","25TH ST",0.00,,Y,A,-,N,,,,,,,,,,N,3,0,1,2,A,-,08,22100,B,N,H,G,A,A,H,-,A,A,0,,Y,Y,,Y,,L,04,0,1,0,0,0,0,1,0,0,"- ","- ",,,"SAN FRANCISCO","SAN FRANCISCO",-122.41830444335938,37.750663757324219
9505790,2022,2022-11-08,3801,2022-09-30,1753,203,MISSI,5,5,7,3801,0,0,0,,0,,"FOLSOM ST","24TH ST",0.00,,Y,A,-,N,,,,,,,,,,N,3,0,1,2,A,-,09,21801,A,N,A,-,A,A,H,-,A,A,0,,Y,,,Y,,A,01,0,1,0,0,0,0,1,0,0,"- ","- ",,,"SAN FRANCISCO","SAN FRANCISCO",-122.41409301757812,37.752506256103516
9505806,2022,2022-11-15,3801,2022-10-21,1904,1480,MISSI,5,5,7,3801,0,0,0,,0,3D15E,"POTRERO AV","17TH ST",150.00,S,N,A,-,N,,,,,,,,,,N,4,0,1,2,A,-,03,22350,,F,D,G,A,A,H,-,C,D,0,,Y,,,Y,,-,,0,0,1,0,0,0,1,0,0,"- ","- ",,,"SAN FRANCISCO","SAN FRANCISCO",-122.40740203857422,37.764080047607422
9505809,2022,2022-11-16,3801,2022-10-24,1540,2139,TARAV,1,5,7,3801,0,0,0,,0,901,"23RD AV","LINCOLN WY",0.00,,Y,A,-,N,,,,,,,,,,N,3,0,1,2,A,-,09,21800,A,N,B,G,A,A,H,-,A,A,0,,Y,,,Y,,A,01,0,1,0,0,0,0,1,0,0,"- ","- ",,,"SAN FRANCISCO","SAN FRANCISCO",-122.48155975341797,37.765251159667969
9505812,2022,2022-11-15,3801,2022-10-23,1818,1857,NORTH,7,5,7,3801,0,0,0,,0,3E13D,"POLK ST","HEMLOCK ST",0.00,,Y,A,-,N,,,,,,,,,,N,3,0,1,2,A,-,08,22107,,F,B,G,A,A,H,-,B,A,0,,Y,,,Y,,A,01,0,1,0,0,0,0,1,0,0,"- ","- ",,,"SAN FRANCISCO","SAN FRANCISCO",-122.41999053955078,37.78729248046875
9505815,2022,2022-11-16,3801,2022-10-21,1207,668,NORTH,5,5,7,3801,0,0,0,,0,3E13A,"POLK ST","HAYES ST",0.00,,Y,A,-,N,,,,,,,,,,N,4,0,1,2,A,-,08,22107,,N,B,G,A,A,H,-,A,A,0,,Y,,,Y,,-,,0,0,1,0,0,0,1,0,0,"- ","- ",,,"SAN FRANCISCO","SAN FRANCISCO",-122.41803741455078,37.777507781982422
9505828,2022,2022-11-21,3801,2022-10-16,2241,2315,MISSI,7,5,7,3801,0,0,0,,0,3D15E,"17TH ST","CAPP ST",0.00,,Y,A,-,N,,,,,,,,,,Y,4,0,1,2,A,-,12,22450,A,F,D,G,A,A,H,-,C,D,0,,Y,,,Y,Y,A,01,0,0,1,0,0,0,1,0,0,"- ","- ",,,"SAN FRANCISCO","SAN FRANCISCO",-122.41853332519531,37.763477325439453
9505837,2022,2022-11-16,3801,2022-10-18,1208,2088,INGLE,2,5,7,3801,0,0,0,,0,3H15A,"MISSION ST","AMAZON AV",0.00,,Y,A,-,N,,,,,,,,,,N,4,0,1,2,A,-,08,22107,,N,-,-,A,A,H,-,A,B,0,,Y,,,Y,,A,01,0,0,1,0,0,0,1,0,0,"- ","- ",,,"SAN FRANCISCO","SAN FRANCISCO",-122.4404296875,37.717235565185547
9505838,2022,2022-11-16,3801,2022-10-18,0615,2493,PARK,2,5,7,3801,0,0,0,,0,3F13A,"OAK ST","CENTRAL AV",0.00,,Y,A,-,N,,,,,,,,,,N,3,0,1,2,A,-,12,21453,A,F,D,G,A,A,H,-,C,A,0,,Y,,,Y,,A,01,0,1,0,0,0,0,1,0,0,"- ","- ",,,"SAN FRANCISCO","SAN FRANCISCO",-122.44405364990234,37.772289276123047
9505929,2022,2022-11-22,3801,2022-10-10,1628,1637,SOUTH,1,5,7,3801,0,0,0,,0,3B14D,"10TH ST","BRYANT ST",0.00,,Y,A,-,N,,,,,,,,,,N,4,0,1,2,A,-,05,21650,1,N,A,G,A,A,-,-,A,A,0,,Y,,,Y,,L,04,0,0,1,0,0,0,1,0,0,"- ","- ",,,"SAN FRANCISCO","SAN FRANCISCO",-122.40973663330078,37.770336151123047
9505940,2022,2022-11-14,3801,2022-10-17,0723,54,TARAV,1,5,7,3801,0,0,0,,0,3I11A,"SANTIAGO ST","19TH AV",7.00,E,N,A,-,N,,,,,,,,,,N,3,0,1,2,A,-,05,21650,1,N,D,G,A,A,H,-,A,A,0,,Y,,,Y,,L,04,0,1,0,0,0,0,1,0,0,"- ","- ",,,"SAN FRANCISCO","SAN FRANCISCO",-122.47577667236328,37.744899749755859
9505962,2022,2022-11-10,3801,2022-10-10,1602,307,NORTH,1,5,7,3801,0,0,0,,0,3E13D,"TURK ST","VAN NESS AV",150.00,W,N,A,-,N,,,,,,,,,,N,4,0,1,2,A,-,"- ",,,F,D,G,A,A,H,-,A,A,0,,Y,,,Y,,L,04,0,0,1,0,0,0,1,0,0,"- ","- ",,,"SAN FRANCISCO","SAN FRANCISCO",-122.42109680175781,37.781879425048828
9505966,2022,2022-11-10,3801,2022-10-05,0937,610,MISSI,3,5,7,3801,0,0,0,,0,3D11A,"CLINTON PARK","VALENCIA ST",35.00,E,N,A,-,N,,,,,,,,,,N,3,0,1,2,A,-,17,21657,,N,-,G,A,A,H,-,A,D,0,,Y,,,Y,,L,04,0,1,0,0,0,0,1,0,0,"- ","- ",,,"SAN FRANCISCO","SAN FRANCISCO",-122.42218780517578,37.769287109375
9506051,2022,2022-11-10,3801,2022-10-03,1752,307,NORTH,1,5,7,3801,0,0,0,,0,3E13D,"MCALLISTER ST","GOUGH ST",0.00,,Y,A,-,N,,,,,,,,,,N,3,0,1,2,A,-,09,21801,A,N,D,G,A,A,H,-,A,A,0,,Y,,,Y,,A,01,0,1,0,0,0,0,1,0,0,"- ","- ",,,"SAN FRANCISCO","SAN FRANCISCO",-122.42353820800781,37.779670715332031
9506058,2022,2022-11-10,3801,2022-10-01,1427,4274,RICHM,6,5,7,3801,0,0,0,,0,3G13C,"CABRILLO ST","41ST AV",121.00,W,N,A,-,N,,,,,,,,,,N,3,0,1,2,A,-,03,22350,,N,B,G,A,A,H,-,A,D,0,,Y,,,Y,,L,04,0,1,0,0,0,0,1,0,0,"- ","- ",,,"SAN FRANCISCO","SAN FRANCISCO",-122.50187683105469,37.773612976074219
9506063,2022,2022-11-10,3801,2022-10-04,1542,1371,NORTH,2,5,7,3801,0,0,0,,0,002,"FULTON ST","OCTAVIA ST",38.00,W,N,A,-,N,,,,,,,,,,N,4,0,1,2,A,-,04,21703,,N,C,G,A,A,D,-,A,A,0,,Y,,,Y,,L,04,0,0,1,0,0,0,1,0,0,"- ","- ",,,"SAN FRANCISCO","SAN FRANCISCO",-122.42511749267578,37.778522491455078
9506068,2022,2022-11-10,3801,2022-10-04,1300,4335,RICHM,2,5,7,3801,0,0,0,,0,901,"CLEMENT ST","21ST AV",28.00,E,N,A,-,N,,,,,,,,,,N,3,0,1,2,A,-,03,22350,,N,D,G,A,A,H,-,A,D,0,,Y,,,Y,,L,04,0,1,0,0,0,0,1,0,0,"- ","- ",,,"SAN FRANCISCO","SAN FRANCISCO",-122.48049163818359,37.782203674316406
9506229,2022,2022-10-20,3801,2022-09-16,1700,1848,PARK,5,5,7,3801,0,0,0,,0,01D,"17TH ST","CHURCH ST",0.00,,Y,A,-,N,,,,,,,,,,N,3,0,1,2,A,-,09,21801,A,N,H,G,A,A,H,-,A,A,0,,Y,,,Y,,A,01,0,1,0,0,0,0,1,0,0,"- ","- ",,,"SAN FRANCISCO","SAN FRANCISCO",-122.42851257324219,37.762882232666016
9506345,2022,2022-10-11,3801,2022-09-02,2110,1660,SOUTH,5,5,7,3801,0,0,0,,0,3B13E,EMBARCADERO,"MISSION ST",0.00,,Y,A,-,N,,,,,,,,,,N,4,0,1,2,A,-,03,22350,A,F,B,B,F,A,H,-,C,D,0,Y,Y,,,Y,Y,L,04,0,0,1,0,1,0,0,0,0,"- ","- ",,,"SAN FRANCISCO","SAN FRANCISCO",-122.39263153076172,37.793708801269531
9506392,2022,2022-10-11,3801,2022-09-16,2206,1350,BAYVI,5,5,7,3801,0,0,0,,0,3C13E,"3RD ST","NEWCOMB AV",0.00,,Y,A,-,N,,,,,,,,,,Y,4,0,1,2,A,-,12,21453,A,F,D,G,A,A,H,-,C,A,0,,Y,,,Y,,-,99,0,0,1,0,0,0,1,0,0,"- ","- ",,,"SAN FRANCISCO","SAN FRANCISCO",-122.39049530029297,37.735633850097656
9506394,2022,2022-10-11,3801,2022-09-16,2025,1198,MISSI,5,5,7,3801,0,0,0,,0,,"VALENCIA ST","HILL ST",0.00,,Y,A,-,N,,,,,,,,,,N,4,0,1,2,A,-,08,22107,,N,B,G,A,A,H,-,C,D,0,,Y,,,Y,,A,01,0,0,1,0,0,0,1,0,0,"- ","- ",,,"SAN FRANCISCO","SAN FRANCISCO",-122.42104339599609,37.756099700927734
9506418,2022,2022-10-14,3801,2022-09-22,1008,2154,TENDE,4,5,7,3801,0,0,0,,0,3S13H,"4TH ST","JESSIE ST",0.00,,Y,A,-,N,,,,,,,,,,N,3,0,1,3,A,-,11,21954,A,N,-,G,D,A,H,-,A,A,0,Y,Y,,,Y,,N,60,0,1,0,0,0,0,1,0,0,"- ","- ",,,"SAN FRANCISCO","SAN FRANCISCO",-122.40476989746094,37.784942626953125
9506489,2022,2022-10-10,3801,2022-09-21,0454,2467,BAYVI,3,5,7,3801,0,0,0,,0,,"25TH ST","3RD ST",0.00,,Y,C,-,N,,,,,,,,,,,4,0,1,2,A,-,08,22107,,N,D,G,A,B,H,-,C,A,0,,Y,,,Y,,-,,0,0,1,0,0,0,1,0,0,"- ","- ",,,"SAN FRANCISCO","SAN FRANCISCO",-122.38787841796875,37.752838134765625
9506514,2022,2022-10-14,3801,2022-09-12,1610,1194,TENDE,1,5,7,3801,0,0,0,,0,0J3,"GROVE ST","LARKIN ST",0.00,,Y,A,-,N,,,,,,,,,,N,4,0,1,2,A,-,09,21801,A,N,A,G,A,A,H,-,A,A,0,,Y,,,Y,,A,01,0,0,1,0,0,0,1,0,0,"- ","- ",,,"SAN FRANCISCO","SAN FRANCISCO",-122.41658782958984,37.778659820556641
9506521,2022,2022-10-11,3801,2022-09-21,1452,4102,SOUTH,3,5,7,3801,0,0,0,,0,3B47,"TOWNSEND ST","STANFORD ST",20.00,W,N,A,-,N,,,,,,,,,,N,4,0,1,2,A,-,08,22102,,N,D,G,A,-,H,-,A,D,0,,Y,,,Y,,A,01,0,0,1,0,0,0,1,0,0,"- ","- ",,,"SAN FRANCISCO","SAN FRANCISCO",-122.39112854003906,37.780162811279297
9506584,2022,2022-10-11,3801,2022-09-10,1419,4006,TARAV,6,5,7,3801,0,0,0,,0,3I2B,"31ST AV","KIRKHAM ST",0.00,,Y,A,-,N,,,,,,,,,,N,4,0,1,2,A,-,09,21800,C,N,D,G,A,A,H,-,A,A,0,,Y,,,Y,,L,04,0,0,1,0,0,0,1,0,0,"- ","- ",,,"SAN FRANCISCO","SAN FRANCISCO",-122.48972320556641,37.759258270263672
9506609,2022,2022-10-10,3801,2022-09-18,2028,1244,SOUTH,7,5,7,3801,0,0,0,,0,3801,"ELGIN PARK","DUBOCE AV",50.00,N,N,B,-,N,,,,,,,,,,N,3,0,1,2,A,-,08,22107,,N,C,E,A,B,H,-,C,D,0,,Y,,,Y,,L,04,0,1,0,0,0,0,1,0,0,"- ","- ",,,"SAN FRANCISCO","SAN FRANCISCO",-122.42316436767578,37.769966125488281
9506616,2022,2022-10-10,3801,2022-09-09,1410,2466,RICHM,5,5,7,3801,0,0,0,,0,THREE,"4TH AV","CORNWALL ST",0.00,,Y,A,-,N,,,,,,,,,,N,3,0,1,2,D,-,00,,,N,B,-,A,-,-,-,A,D,0,,Y,,,Y,,-,"- ",0,1,0,0,0,0,1,0,0,"- ","- ",,,"SAN FRANCISCO","SAN FRANCISCO",-122.46242523193359,37.784908294677734
9506625,2022,2022-10-10,3801,2022-09-08,0039,1926,NORTH,4,5,7,3801,0,0,0,,0,3E12E,"LAGUNA ST","TURK ST",0.00,,Y,A,-,N,,,,,,,,,,N,2,0,1,2,A,-,12,21453,A,N,D,G,A,A,H,-,C,A,0,,Y,,,Y,,L,04,1,0,0,0,0,0,1,0,0,"- ","- ",,,"SAN FRANCISCO","SAN FRANCISCO",-122.42720031738281,37.781116485595703
9506630,2022,2022-10-10,3801,2022-09-05,1518,1371,NORTH,1,5,7,3801,0,0,0,,0,001,"OAK ST","SCOTT ST",151.00,W,N,A,-,N,,,,,,,,,,N,2,0,1,1,A,-,03,22350,,N,H,J,A,A,H,-,A,A,0,,Y,,,Y,,L,04,1,0,0,0,0,0,1,0,0,"- ","- ",,,"SAN FRANCISCO","SAN FRANCISCO",-122.43628692626953,37.773269653320312
9506634,2022,2022-10-10,3801,2022-09-07,0827,2491,SOUTH,3,5,7,3801,0,0,0,,0,3B110,"11TH ST","MISSION ST",0.00,,Y,A,-,N,,,,,,,,,,N,3,0,1,2,A,-,12,21453,A,N,D,G,A,A,H,-,A,A,0,,Y,,,Y,Y,-,"- ",0,1,0,0,0,0,1,0,0,"- ","- ",,,"SAN FRANCISCO","SAN FRANCISCO",-122.41709899902344,37.774330139160156
9506636,2022,2022-10-10,3801,2022-09-10,1538,2118,SOUTH,6,5,7,3801,0,0,0,,0,3B12D,"MARKET ST","VALENCIA ST",0.00,,Y,A,-,N,,,,,,,,,,N,4,0,1,2,A,-,12,21453,A,N,D,G,A,A,H,-,A,A,0,,Y,Y,,Y,,C,03,0,0,1,0,0,0,0,0,1,"- ","- ",,,"SAN FRANCISCO","SAN FRANCISCO",-122.42262268066406,37.772548675537109
9509942,2022,2022-12-15,3801,2022-11-01,0656,555,MISSI,2,5,7,3801,0,0,0,,0,3D13A,"16TH ST","POTRERO AV",132.00,W,N,C,-,N,,,,,,,,,,N,3,0,1,2,B,-,22,,,N,D,G,A,B,H,-,C,D,0,,Y,,,Y,,L,04,0,1,0,0,0,0,1,0,0,"- ","- ",,,"SAN FRANCISCO","SAN FRANCISCO",-122.40801239013672,37.765735626220703
9509950,2022,2022-12-15,3801,2022-11-12,1008,1061,SOUTH,6,5,7,3801,0,0,0,,0,3B14A,"2ND ST","TEHAMA ST",0.00,,Y,A,-,N,,,,,,,,,,N,3,0,1,2,A,-,08,22101,,F,B,G,A,A,-,-,A,D,0,,Y,,,Y,,A,01,0,1,0,0,0,0,1,0,0,"- ","- ",,,"SAN FRANCISCO","SAN FRANCISCO",-122.39771270751953,37.786346435546875
9509954,2022,2022-12-30,3801,2022-11-10,0804,748,CENTR,4,5,7,3801,0,0,0,,0,3A44,"STOCKTON ST","CLAY ST",0.00,,Y,A,-,N,,,,,,,,,,N,2,0,1,2,A,-,12,21453,A,N,H,-,B,A,H,-,A,A,0,Y,Y,,,Y,,L,04,1,0,0,0,1,0,0,0,0,"- ","- ",,,"SAN FRANCISCO","SAN FRANCISCO",-122.40784454345703,37.7940673828125
9509967,2022,2022-12-16,3801,2022-11-07,0749,257,RICHM,1,5,7,3801,0,0,0,,0,3G4A,"21ST AV","CLEMENT ST",0.00,,Y,A,-,N,,,,,,,,,,N,4,0,1,2,A,-,08,22107,,N,D,G,A,B,H,-,A,D,0,,Y,,,Y,,A,01,0,0,1,0,0,0,1,0,0,"- ","- ",,,"SAN FRANCISCO","SAN FRANCISCO",-122.4805908203125,37.782199859619141
9510077,2022,2022-12-08,3801,2022-10-25,1615,4175,TRAFF,2,5,7,3801,0,0,0,,0,4B4D,"ANZA ST","STANYAN ST",0.00,,Y,A,-,N,,,,,,,,,,N,4,0,1,2,A,-,09,21801,A,N,D,G,A,A,H,-,A,A,0,,Y,,,Y,,A,01,0,0,1,0,0,0,1,0,0,"- ","- ",,,"SAN FRANCISCO","SAN FRANCISCO",-122.45619201660156,37.779811859130859
9510133,2022,2022-12-12,3801,2022-11-10,1205,1145,SOUTH,4,5,7,3801,0,0,0,,0,3B1A,"2ND ST","DOW PL",64.00,S,N,A,-,N,,,,,,,,,,N,4,0,1,2,A,-,09,21804,A,N,D,G,A,A,H,-,A,D,0,,Y,,,Y,,A,01,0,0,1,0,0,0,1,0,0,"- ","- ",,,"SAN FRANCISCO","SAN FRANCISCO",-122.39576721191406,37.784782409667969
9516462,2022,2022-12-22,3801,2022-11-17,1335,2202,INGLE,4,5,7,3801,0,0,0,,0,PARKDI,"PORTOLA DR","TWIN PEAKS BL",0.00,,Y,A,-,N,,,,,,,,,,N,4,0,1,2,A,-,08,22107,,N,D,G,A,A,H,-,A,A,0,,Y,,,Y,,A,01,0,0,1,0,0,0,1,0,0,"- ","- ",,,"SAN FRANCISCO","SAN FRANCISCO",-122.45082855224609,37.74591064453125
9520422,2022,2023-02-15,3801,2022-10-19,1104,4130,INGLE,3,5,7,3801,0,0,0,,0,5Z103,"JOHN F SHELLEY DR","MANSELL ST",115.00,N,N,A,-,N,,,,,,,,,,N,1,1,0,1,C,-,18,,,N,H,J,A,A,H,-,A,D,0,,Y,,,Y,,-,"- ",0,0,0,0,0,1,0,0,0,"- ","- ",,,"SAN FRANCISCO","SAN FRANCISCO",-122.41849517822266,37.719039916992188
9522323,2022,2022-12-20,3801,2022-11-19,1333,2151,PARK,6,5,7,3801,0,0,0,,0,,"GOLDEN GATE AV","ROSELYN TER",0.00,,Y,A,-,N,,,,,,,,,,N,4,0,1,2,A,-,03,22350,,N,D,G,A,A,H,-,A,D,0,,Y,,,Y,,L,04,0,0,1,0,0,0,1,0,0,"- ","- ",,,"SAN FRANCISCO","SAN FRANCISCO",-122.44957733154297,37.777320861816406
9522356,2022,2022-12-20,3801,2022-11-25,0151,2457,SOUTH,5,5,7,3801,0,0,0,,0,3B15E,"7TH ST","MISSION BAY BL NORTH",0.00,,Y,A,-,N,,,,,,,,,,N,3,0,1,1,A,-,03,22350,,N,F,J,A,A,H,-,C,A,0,,Y,,,Y,,L,04,0,1,0,0,0,0,1,0,0,"- ","- ",,,"SAN FRANCISCO","SAN FRANCISCO",-122.39868927001953,37.769416809082031
9522394,2022,2022-12-12,3801,2022-10-27,1829,4102,SOUTH,4,5,7,3801,0,0,0,,0,3B47,"3RD ST","VARNEY PL",15.00,N,N,A,-,N,,,,,,,,,,N,3,0,1,2,A,-,08,22107,,F,B,G,A,A,H,-,C,D,0,,Y,,,Y,,A,07,0,1,0,0,0,0,1,0,0,"- ","- ",,,"SAN FRANCISCO","SAN FRANCISCO",-122.39466857910156,37.780387878417969
9522567,2022,2022-12-22,3801,2022-08-25,2314,1833,NORTH,4,5,7,3801,0,0,0,,0,3E12E,"WEBSTER ST","FULTON ST",0.00,,Y,A,-,N,,,,,,,,,,N,2,0,1,1,A,-,03,22350,,N,F,A,A,A,A,-,C,A,0,,Y,,,Y,,L,04,1,0,0,0,0,0,1,0,0,"- ","- ",,,"SAN FRANCISCO","SAN FRANCISCO",-122.42990875244141,37.777912139892578
9529305,2022,2022-12-06,3801,2022-07-05,1217,1832,TENDE,2,5,7,3801,0,0,0,,0,3J93C,"6TH ST","STEVENSON ST",45.00,S,N,A,-,N,,,,,,,,,,Y,3,0,1,2,A,-,03,22350,,F,A,G,A,A,H,-,A,D,0,,Y,,,Y,,A,01,0,1,0,0,0,0,1,0,0,"- ","- ",,,"SAN FRANCISCO","SAN FRANCISCO",-122.40956115722656,37.781681060791016
9531182,2022,2022-12-13,3801,2022-09-06,1606,1160,SOUTH,2,5,7,3801,0,0,0,,0,0B4,"MISSION ST","11TH ST",0.00,,Y,A,-,N,,,,,,,,,,N,4,0,1,2,A,-,12,21453,A,N,D,G,A,A,H,-,A,A,0,,Y,,,Y,,L,04,0,0,1,0,0,0,1,0,0,"- ","- ",,,"SAN FRANCISCO","SAN FRANCISCO",-122.41709899902344,37.774330139160156
9531191,2022,2022-12-22,3801,2022-11-25,1750,964,NORTH,5,5,7,3801,0,0,0,,0,3E11D,"HAYES ST","GOUGH ST",0.00,,Y,-,-,N,,,,,,,,,,N,4,0,1,1,D,-,00,,,N,-,A,A,-,H,-,-,-,0,,Y,,,Y,,-,"- ",0,0,1,0,0,0,1,0,0,"- ","- ",,,"SAN FRANCISCO","SAN FRANCISCO",-122.42296600341797,37.776878356933594
9531229,2022,2022-12-20,3801,2022-11-26,0919,624,NORTH,6,5,7,3801,0,0,0,,0,002,"GEARY BL","SCOTT ST",0.00,,Y,A,-,N,,,,,,,,,,N,3,0,1,2,A,-,12,21453,A,N,D,G,A,A,H,-,A,A,0,,Y,,,Y,,L,04,0,1,0,0,0,0,1,0,0,"- ","- ",,,"SAN FRANCISCO","SAN FRANCISCO",-122.43785095214844,37.783790588378906
9531239,2022,2022-12-20,3801,2022-11-05,1745,1148,MISSI,6,5,7,3801,0,0,0,,0,3D15D,"BRYANT ST","18TH ST",85.00,S,N,A,-,N,,,,,,,,,,N,3,0,1,2,A,-,17,22517,,N,-,G,A,B,H,-,A,D,0,,Y,,,Y,,A,01,0,1,0,0,0,0,1,0,0,"- ","- ",,,"SAN FRANCISCO","SAN FRANCISCO",-122.41012573242188,37.761516571044922
9531356,2022,2022-12-19,3801,2022-11-01,1228,1297,PARK,2,5,7,3801,0,0,0,,0,3F13A,"7TH AV","KIRKHAM ST",0.00,,Y,C,-,N,,,,,,,,,,N,3,0,1,2,A,-,03,22350,,N,D,G,A,B,-,-,A,A,0,,Y,,,Y,,L,04,0,1,0,0,0,0,1,0,0,"- ","- ",,,"SAN FRANCISCO","SAN FRANCISCO",-122.46392059326172,37.760391235351562
9531456,2022,2022-11-10,3801,2022-10-03,0848,1364,NORTH,1,5,7,3801,0,0,0,,0,NORTHE,"OAK ST",GOUGH,5.00,W,N,A,-,N,,,,,,,,,,N,2,0,2,2,A,-,11,21950,B,N,D,B,B,A,H,-,A,A,0,Y,Y,,,Y,,N,60,1,1,0,0,1,0,1,0,0,"- ","- ",,,"SAN FRANCISCO","SAN FRANCISCO",-122.422607421875,37.775016784667969
9531457,2022,2022-11-22,3801,2022-10-04,1737,1039,MISSI,2,5,7,3801,0,0,0,,0,003,VALENCIA,"18TH ST",250.00,S,N,A,-,N,,,,,,,,,,N,3,0,1,2,A,-,08,22107,,N,C,G,A,A,H,-,A,D,0,,Y,,,Y,,A,01,0,1,0,0,0,0,1,0,0,"- ","- ",,,"SAN FRANCISCO","SAN FRANCISCO",-122.42149353027344,37.761024475097656
9532079,2022,2022-11-17,3801,2022-10-25,0859,796,NORTH,2,5,7,3801,0,0,0,,0,3E15A,"DIVISADERO ST","GREENWICH ST",0.00,,Y,A,-,N,,,,,,,,,,N,4,0,1,2,A,-,09,21800,A,N,D,G,A,A,H,-,A,A,0,,Y,,,Y,,A,01,0,0,1,0,0,0,1,0,0,"- ","- ",,,"SAN FRANCISCO","SAN FRANCISCO",-122.44245910644531,37.798110961914062
9532089,2022,2022-11-22,3801,2022-10-03,1050,2202,INGLE,1,5,7,3801,0,0,0,,0,3F14A,"GENEVA AV","NAPLES ST",0.00,,Y,A,-,N,,,,,,,,,,N,4,0,1,2,A,-,03,22350,,N,D,G,A,A,H,-,A,A,0,,Y,,,Y,,L,04,0,0,1,0,0,0,1,0,0,"- ","- ",,,"SAN FRANCISCO","SAN FRANCISCO",-122.43618774414062,37.714210510253906