CASE_ID,ACCIDENT_YEAR,PROC_DATE,JURIS,COLLISION_DATE,COLLISION_TIME,OFFICER_ID,REPORTING_DISTRICT,DAY_OF_WEEK,CHP_SHIFT,POPULATION,CNTY_CITY_LOC,SPECIAL_COND,BEAT_TYPE,CHP_BEAT_TYPE,CITY_DIVISION_LAPD,CHP_BEAT_CLASS,BEAT_NUMBER,PRIMARY_RD,SECONDARY_RD,DISTANCE,DIRECTION,INTERSECTION,WEATHER_1,WEATHER_2,STATE_HWY_IND,CALTRANS_COUNTY,CALTRANS_DISTRICT,STATE_ROUTE,ROUTE_SUFFIX,POSTMILE_PREFIX,POSTMILE,LOCATION_TYPE,RAMP_INTERSECTION,SIDE_OF_HWY,TOW_AWAY,COLLISION_SEVERITY,NUMBER_KILLED,NUMBER_INJURED,PARTY_COUNT,PRIMARY_COLL_FACTOR,PCF_CODE_OF_VIOL,PCF_VIOL_CATEGORY,PCF_VIOLATION,PCF_VIOL_SUBSECTION,HIT_AND_RUN,TYPE_OF_COLLISION,MVIW,PED_ACTION,ROAD_SURFACE,ROAD_COND_1,ROAD_COND_2,LIGHTING,CONTROL_DEVICE,CHP_ROAD_TYPE,PEDESTRIAN_ACCIDENT,BICYCLE_ACCIDENT,MOTORCYCLE_ACCIDENT,TRUCK_ACCIDENT,NOT_PRIVATE_PROPERTY,ALCOHOL_INVOLVED,STWD_VEHTYPE_AT_FAULT,CHP_VEHTYPE_AT_FAULT,COUNT_SEVERE_INJ,COUNT_VISIBLE_INJ,COUNT_COMPLAINT_PAIN,COUNT_PED_KILLED,COUNT_PED_INJURED,COUNT_BICYCLIST_KILLED,COUNT_BICYCLIST_INJURED,COUNT_MC_KILLED,COUNT_MC_INJURED,PRIMARY_RAMP,SECONDARY_RAMP,LATITUDE,LONGITUDE,COUNTY,CITY,POINT_X,POINT_Y
9659758,2024,2024-03-19,3801,2024-01-28,1754,359,TARAV,7,5,7,3801,0,0,0,,0,312D,"LINCOLN WY","25TH AV",7.00,W,N,A,-,N,,,,,,,,,,N,3,0,1,2,A,-,12,21453,A,N,D,G,A,A,H,-,C,A,0,,Y,,,Y,,L,04,0,1,0,0,0,0,1,0,0,"- ","- ",,,"SAN FRANCISCO","SAN FRANCISCO",-122.48369598388672,37.765159606933594
9664984,2024,2024-04-09,3801,2024-02-21,0842,788,SOUTH,3,5,7,3801,0,0,0,,0,3B5A,"MARKET ST","GOUGH ST",0.00,,N,A,-,N,,,,,,,,,,N,4,0,1,2,A,-,08,22100,A,N,D,G,A,A,H,-,A,A,0,,Y,,,Y,,A,08,0,0,1,0,0,0,1,0,0,"- ","- ",,,"SAN FRANCISCO","SAN FRANCISCO",-122.42221069335938,37.772872924804688
9665005,2024,2024-04-09,3801,2024-02-23,1100,719,CENTR,5,5,7,3801,0,0,0,,0,3A14A,"COLUMBUS AV","JACKSON ST",132.00,S,N,B,-,N,,,,,,,,,,N,3,0,1,2,A,-,03,22350,,N,H,A,A,A,H,-,A,D,0,,Y,,,Y,,L,04,0,1,0,0,0,0,1,0,0,"- ","- ",,,"SAN FRANCISCO","SAN FRANCISCO",-122.404052734375,37.796047210693359
9666714,2024,2024-03-26,3801,2024-01-14,1909,2400,BAYVI,7,5,7,3801,0,0,0,,0,2CAR,"JERROLD AV","BARNEVELD AV",0.00,,Y,A,-,N,,,,,,,,,,N,3,0,1,2,A,-,09,21800,A,N,D,G,A,A,H,-,C,A,0,,Y,,,Y,,L,04,0,1,0,0,0,0,1,0,0,"- ","- ",,,"SAN FRANCISCO","SAN FRANCISCO",-122.40267944335938,37.746349334716797
9667354,2024,2024-02-29,3801,2024-01-08,1135,1372,INGLE,1,5,7,3801,0,0,0,,0,3H11A,"APPLETON AV","MISSION ST",6.00,E,N,A,-,N,,,,,,,,,,N,3,0,2,2,A,-,11,21453,D,N,B,B,B,A,H,-,A,A,0,Y,Y,,,Y,,N,60,0,1,1,0,1,0,1,0,0,"- ","- ",,,"SAN FRANCISCO","SAN FRANCISCO",-122.42393493652344,37.738861083984375
9668452,2024,2024-05-08,3801,2024-02-06,1657,746,INGLE,2,5,7,3801,0,0,0,,0,3H3D,"ALEMANY BL","FOLSOM ST",0.00,,Y,A,-,N,,,,,,,,,,N,3,0,2,3,A,-,05,21650,1,N,A,J,A,A,H,-,A,D,0,,Y,,,Y,,L,04,0,1,1,0,0,0,1,0,0,"- ","- ",,,"SAN FRANCISCO","SAN FRANCISCO",-122.41382598876953,37.733329772949219
9668462,2024,2024-05-01,3801,2024-02-06,1447,2744,SOUTH,2,5,7,3801,0,0,0,,0,0B5,"17TH ST","MISSISSIPPI ST",0.00,,Y,A,-,N,,,,,,,,,,N,3,0,1,2,A,-,09,21800,A,N,D,G,A,A,H,-,A,A,0,,Y,,,Y,,A,01,0,1,0,0,0,0,1,0,0,"- ","- ",,,"SAN FRANCISCO","SAN FRANCISCO",-122.39485168457031,37.765243530273438
9668468,2024,2024-08-28,3801,2024-02-08,2320,4040,CENTR,4,5,7,3801,0,0,0,,0,3A13A,"BAY ST","MASON ST",0.00,,Y,A,-,N,,,,,,,,,,N,3,0,1,2,A,-,04,21703,,N,C,G,A,A,H,-,C,A,0,,Y,,,Y,,-,"- ",0,1,0,0,0,0,1,0,0,"- ","- ",,,"SAN FRANCISCO","SAN FRANCISCO",-122.41358947753906,37.805633544921875
9670570,2024,2024-03-14,3801,2024-01-10,0200,2467,BAYVI,3,5,7,3801,0,0,0,,0,3C11E,"QUESADA AV","JENNINGS ST",0.00,,N,A,-,N,,,,,,,,,,N,3,0,1,4,A,-,03,22350,,F,C,G,A,A,H,-,C,A,0,,Y,,,Y,Y,-,,0,1,0,0,0,0,1,0,0,"- ","- ",,,"SAN FRANCISCO","SAN FRANCISCO",-122.3858642578125,37.730167388916016
9670585,2024,2024-07-01,3801,2024-01-07,0005,4115,SOUTH,7,5,7,3801,0,0,0,,0,3B16E,"HOWARD ST","3RD ST",0.00,,Y,A,-,N,,,,,,,,,,Y,2,0,2,2,A,-,12,21453,,N,D,G,A,A,H,-,C,A,0,,Y,Y,,Y,,-,"- ",2,0,0,0,0,0,1,0,1,"- ","- ",,,"SAN FRANCISCO","SAN FRANCISCO",-122.40049743652344,37.785007476806641
9670643,2023,2024-02-23,3801,2023-10-18,0755,575,CENTR,3,5,7,3801,0,0,0,,0,3A11A,"LARKIN ST","POST ST",0.00,,Y,A,-,N,,,,,,,,,,N,4,0,1,2,A,-,05,21650,,N,A,-,A,A,H,-,A,A,0,,Y,,,Y,,L,04,0,0,1,0,0,0,1,0,0,"- ","- ",,,"SAN FRANCISCO","SAN FRANCISCO",-122.41826629638672,37.787040710449219
9670698,2024,2024-02-12,3801,2024-01-17,1345,1418,TARAV,3,5,7,3801,0,0,0,,0,013,"GREAT HWY","TARAVAL ST",24.00,S,N,A,-,N,,,,,,,,,,N,3,0,1,2,A,-,11,21456,A,N,D,G,A,A,H,-,A,A,0,,Y,,,Y,,L,04,0,1,0,0,0,0,1,0,0,"- ","- ",,,"SAN FRANCISCO","SAN FRANCISCO",-122.50752258300781,37.741584777832031
9672911,2023,2024-04-29,3801,2023-02-13,0922,2008,MISSI,1,5,7,3801,0,0,0,,0,3D13A,"23RD ST","TREAT AV",0.00,,Y,A,-,N,,,,,,,,,,N,3,0,1,3,A,-,12,22450,,F,D,G,A,A,H,-,A,-,0,,Y,,Y,Y,,A,07,0,1,0,0,0,0,1,0,0,"- ","- ",,,"SAN FRANCISCO","SAN FRANCISCO",-122.41312408447266,37.754173278808594
9672915,2024,2024-04-24,3801,2024-02-27,0916,1642,PARK,2,5,7,3801,0,0,0,,0,3F13A,"CLARENDON AV","CLARENDON WOODS AV",250.00,W,N,A,-,N,,,,,,,,,,N,2,0,1,2,A,-,03,22350,A,N,D,G,A,A,H,-,A,D,0,,Y,,Y,Y,,L,04,1,0,0,0,0,0,1,0,0,"- ","- ",,,"SAN FRANCISCO","SAN FRANCISCO",,
9673364,2024,2024-05-04,3801,2024-02-13,1000,1580,SOUTH,2,5,7,3801,0,0,0,,0,3B5A,"MARKET ST","VAN NESS AV",0.00,,Y,A,-,N,,,,,,,,,,N,2,0,1,2,A,-,05,21650,1,F,A,G,A,A,H,-,A,A,0,,Y,,,Y,,L,04,1,0,0,0,0,0,0,0,0,"- ","- ",,,"SAN FRANCISCO","SAN FRANCISCO",-122.41925811767578,37.775169372558594
9673367,2024,2024-05-04,3801,2024-02-12,2306,2241,NORTH,1,5,7,3801,0,0,0,,0,0E2,"LAGUNA ST","LARCH ALY",0.00,,Y,A,-,N,,,,,,,,,,Y,4,0,1,2,A,-,00,21808,A,N,D,G,A,A,H,-,C,A,0,,Y,,,Y,,A,01,0,0,1,0,0,0,1,0,0,"- ","- ",,,"SAN FRANCISCO","SAN FRANCISCO",-122.42729949951172,37.781578063964844
9673380,2024,2024-05-01,3801,2024-02-14,1531,481,TARAV,3,5,7,3801,0,0,0,,0,3I90,"VICENTE ST","47TH AV",0.00,,Y,C,-,N,,,,,,,,,,N,3,0,1,1,A,-,03,22350,,N,H,A,A,B,G,-,A,D,0,,Y,,,Y,,L,04,0,1,0,0,0,0,1,0,0,"- ","- ",,,"SAN FRANCISCO","SAN FRANCISCO",-122.50543975830078,37.737998962402344
9673395,2024,2024-04-29,3801,2024-02-10,2237,2445,MISSI,6,5,7,3801,0,0,0,,0,01D,"CHURCH ST","15TH ST",0.00,,Y,A,-,N,,,,,,,,,,N,4,0,1,2,A,-,12,21453,A,N,D,G,A,A,H,-,C,A,0,,Y,,,Y,,L,04,0,0,1,0,0,0,1,0,0,"- ","- ",,,"SAN FRANCISCO","SAN FRANCISCO",-122.42880249023438,37.766132354736328
9673404,2024,2024-04-29,3801,2024-02-07,1720,2017,MISSI,3,5,7,3801,0,0,0,,0,3D2D,"7TH ST","NATOMA ST",0.00,,Y,A,-,N,,,,,,,,,,N,3,0,1,2,A,-,08,22107,,N,B,G,A,A,H,-,C,A,0,,Y,,,Y,,-,,0,1,0,0,0,0,1,0,0,"- ","- ",,,"SAN FRANCISCO","SAN FRANCISCO",-122.40989685058594,37.778400421142578
9676935,2024,2024-05-28,3801,2024-04-18,1419,4333,NORTH,4,5,7,3801,0,0,0,,0,3E55,"VAN NESS AVE","MCALLISTER ST",0.00,,Y,A,-,N,,,,,,,,,,N,4,0,1,2,A,-,08,22107,,F,H,G,A,A,H,-,A,A,0,,Y,,,Y,,A,08,0,0,1,0,0,0,1,0,0,"- ","- ",,,"SAN FRANCISCO","SAN FRANCISCO",-122.42020416259766,37.780055999755859
9676940,2024,2024-05-29,3801,2024-04-10,0841,2748,SOUTH,3,5,7,3801,0,0,0,,0,,"4TH ST","FOLSOM ST",0.00,,Y,A,-,N,,,,,,,,,,N,3,0,2,2,A,-,12,21453,A,N,D,J,B,A,H,-,A,A,0,Y,Y,,,Y,,L,04,0,1,1,0,1,0,1,0,0,"- ","- ",,,"SAN FRANCISCO","SAN FRANCISCO",-122.40116119384766,37.782035827636719
9676944,2024,2024-06-18,3801,2024-04-14,1303,310,SOUTH,7,5,7,3801,0,0,0,,0,3B49,"BEALE ST","FOLSOM ST",405.00,S,N,A,-,N,,,,,,,,,,N,3,0,1,2,A,-,03,22350,,N,D,G,A,A,H,-,A,D,0,,Y,,,Y,,L,04,0,1,0,0,0,0,1,0,0,"- ","- ",,,"SAN FRANCISCO","SAN FRANCISCO",-122.39173889160156,37.787914276123047
9676951,2024,2024-06-03,3801,2024-04-12,0712,1118,SOUTH,5,5,7,3801,0,0,0,,0,3BA4,"10TH ST","FOLSOM ST",0.00,,Y,A,-,N,,,,,,,,,,N,2,0,1,2,A,-,17,21663,,N,D,-,A,A,H,-,A,D,0,,Y,,,Y,,L,04,1,0,0,0,0,0,1,0,0,"- ","- ",,,"SAN FRANCISCO","SAN FRANCISCO",-122.41281890869141,37.772819519042969
9676996,2024,2024-05-30,3801,2024-04-18,1820,2724,PARK,4,5,7,3801,0,0,0,,0,3F13D,"JOHN F KENNEDY DR","KEZAR DR",0.00,,Y,A,-,N,,,,,,,,,,N,3,0,1,2,A,-,00,21966,A,N,H,B,E,A,H,-,A,D,0,Y,Y,,,Y,,N,60,0,1,0,0,1,0,0,0,0,"- ","- ",,,"SAN FRANCISCO","SAN FRANCISCO",-122.45532989501953,37.770858764648438
9677000,2024,2024-05-30,3801,2024-04-21,1348,1203,MISSI,7,5,7,3801,0,0,0,,0,3D13,"DIVISION ST",POTRERO,20.00,W,N,A,-,N,,,,,,,,,,N,2,0,1,1,A,-,03,22350,,N,F,A,A,A,H,-,A,D,0,,Y,,,Y,,L,04,1,0,0,0,0,0,1,0,0,"- ","- ",,,"SAN FRANCISCO","SAN FRANCISCO",-122.40840911865234,37.769199371337891
9677013,2024,2024-05-29,3801,2024-04-19,1643,301,INGLE,5,5,7,3801,0,0,0,,0,3H13D,"ALEMANY BL","SAN BRUNO AV",0.00,,Y,A,-,N,,,,,,,,,,N,4,0,1,2,A,-,03,22350,,N,C,G,A,A,H,-,A,A,0,,Y,,,Y,,A,01,0,0,1,0,0,0,1,0,0,"- ","- ",,,"SAN FRANCISCO","SAN FRANCISCO",-122.40817260742188,37.735885620117188
9677030,2024,2024-05-29,3801,2024-04-04,1708,1198,MISSI,4,5,7,3801,0,0,0,,0,,"S VAN NESS AV","20TH ST",0.00,,Y,A,-,N,,,,,,,,,,Y,4,0,1,2,A,-,17,21451,A,N,B,G,A,A,H,-,A,A,0,,Y,,,Y,,A,01,0,0,1,0,0,0,1,0,0,"- ","- ",,,"SAN FRANCISCO","SAN FRANCISCO",-122.41690826416016,37.758762359619141
9677046,2024,2024-05-31,3801,2024-04-09,1622,1920,BAYVI,2,5,7,3801,0,0,0,,0,3C13D,"ILLINOIS ST","CARGO WY",125.00,N,N,A,-,N,,,,,,,,,,N,2,0,1,1,A,-,03,22350,,N,E,A,A,A,H,-,A,D,0,,Y,,,Y,,L,04,1,0,0,0,0,0,1,0,0,"- ","- ",,,"SAN FRANCISCO","SAN FRANCISCO",-122.3861083984375,37.745704650878906
9677053,2024,2024-05-31,3801,2024-04-11,1900,2400,BAYVI,4,5,7,3801,0,0,0,,0,4CAR,"FELTON ST","SAN BRUNO AV",5.00,W,N,A,-,N,,,,,,,,,,N,4,0,2,3,A,-,12,21453,A,F,D,G,A,A,H,-,A,A,0,,Y,,,Y,,A,01,0,0,2,0,0,0,2,0,0,"- ","- ",,,"SAN FRANCISCO","SAN FRANCISCO",-122.40464019775391,37.730026245117188
9677109,2024,2024-06-18,3801,2024-04-07,2000,4119,TRAFF,7,5,7,3801,0,0,0,,0,4B3K,"WALLER ST","CARMELITA ST",0.00,,Y,A,-,N,,,,,,,,,,N,4,0,1,2,A,-,09,21804,A,N,D,G,A,A,H,-,C,D,0,,Y,,,Y,,L,04,0,0,1,0,0,0,1,0,0,"- ","- ",,,"SAN FRANCISCO","SAN FRANCISCO",-122.43438720703125,37.770652770996094
9677653,2024,2024-05-29,3801,2024-03-26,2207,2408,MISSI,2,5,7,3801,0,0,0,,0,3D163,"FOLSOM ST","17TH ST",75.00,N,N,A,-,N,,,,,,,,,,N,2,0,1,2,A,-,11,21955,,F,D,G,A,A,H,-,C,D,0,,Y,,,Y,,L,04,1,0,0,0,0,0,1,0,0,"- ","- ",,,"SAN FRANCISCO","SAN FRANCISCO",-122.41516876220703,37.763896942138672
9677663,2024,2024-05-31,3801,2024-03-18,1205,319,CENTR,1,5,7,3801,0,0,0,,0,3A2C,"GRANT AV","POST ST",9.00,S,N,A,-,N,,,,,,,,,,N,3,0,1,3,A,-,17,22517,,N,D,G,A,A,H,-,A,D,0,,Y,,,Y,,A,01,0,1,0,0,0,0,1,0,0,"- ","- ",,,"SAN FRANCISCO","SAN FRANCISCO",-122.40521240234375,37.788677215576172
9677664,2024,2024-06-03,3801,2024-03-31,1405,50,TENDE,7,5,7,3801,0,0,0,,0,003,"EDDY ST","LARKIN ST",0.00,,Y,A,-,N,,,,,,,,,,,3,0,1,2,A,-,09,21801,A,N,A,G,A,A,H,-,A,A,0,,Y,,,Y,,A,01,0,1,0,0,0,0,1,0,0,"- ","- ",,,"SAN FRANCISCO","SAN FRANCISCO",-122.41751861572266,37.783294677734375
9678241,2024,2024-05-04,3801,2024-02-01,1510,964,NORTH,4,5,7,3801,0,0,0,,0,3E13D,"GEARY BL","STEINER ST",0.00,,Y,A,-,N,,,,,,,,,,Y,4,0,1,2,A,-,12,21453,A,N,D,G,A,A,H,-,A,A,0,,Y,,,Y,,L,04,0,0,1,0,0,0,1,0,0,"- ","- ",,,"SAN FRANCISCO","SAN FRANCISCO",-122.43457794189453,37.784320831298828
9690975,2024,2024-05-24,3801,2024-03-13,1319,1669,TENDE,3,5,7,3801,0,0,0,,0,3J97C,"CYRIL MAGNIN ST","EDDY ST",0.00,,Y,A,-,N,,,,,,,,,,N,4,0,1,2,A,-,10,21950,A,N,H,G,B,A,H,-,A,A,0,Y,Y,,,Y,,L,04,0,0,1,0,1,0,0,0,0,"- ","- ",,,"SAN FRANCISCO","SAN FRANCISCO",-122.40851593017578,37.784500122070312
9690981,2024,2024-05-24,3801,2024-03-11,2145,899,NORTH,1,5,7,3801,0,0,0,,0,3E13E,"GEARY ST","POLK ST",130.00,W,N,C,-,N,,,,,,,,,,N,4,0,1,2,A,-,04,21703,,N,C,G,A,B,H,-,C,D,0,,Y,,,Y,,A,01,0,0,1,0,0,0,1,0,0,"- ","- ",,,"SAN FRANCISCO","SAN FRANCISCO",-122.42018127441406,37.785839080810547
9690991,2024,2024-07-02,3801,2024-03-08,1325,311,NORTH,5,5,7,3801,0,0,0,,0,3E13A,"VAN NESS AV","FERN ST",0.00,,Y,A,-,N,,,,,,,,,,N,2,0,1,2,A,-,09,21800,A,N,D,-,A,A,H,-,A,D,0,,Y,,,Y,,-,,1,0,0,0,0,0,1,0,0,"- ","- ",,,"SAN FRANCISCO","SAN FRANCISCO",-122.42182922363281,37.788021087646484
9691011,2024,2024-06-17,3801,2024-03-20,1845,1039,MISSI,3,5,7,3801,0,0,0,,0,001,"VALENCIA ST","DUBOCE ST",0.00,,Y,A,-,N,,,,,,,,,,N,3,0,1,2,A,-,12,21453,A,N,D,G,A,A,H,-,A,A,0,,Y,Y,,Y,,C,02,0,1,0,0,0,0,0,0,1,"- ","- ",,,"SAN FRANCISCO","SAN FRANCISCO",-122.42236328125,37.769866943359375
9691017,2024,2024-05-28,3801,2024-03-18,1641,2154,TARAV,1,5,7,3801,0,0,0,,0,005,"OCEAN AV","WOODACRE DR",28.00,W,N,A,-,N,,,,,,,,,,N,4,0,1,2,A,-,08,22107,,N,H,G,A,A,H,-,A,D,0,,Y,,,Y,,A,08,0,0,1,0,0,0,1,0,0,"- ","- ",,,"SAN FRANCISCO","SAN FRANCISCO",-122.47329711914062,37.731708526611328
9691033,2024,2024-06-26,3801,2024-03-16,2122,1300,PARK,6,5,7,3801,0,0,0,,0,3F14E,"SANCHEZ ST","14TH ST",0.00,,Y,A,-,N,,,,,,,,,,N,3,0,1,1,A,-,03,22350,,N,H,-,A,A,H,-,C,D,0,,Y,,,Y,,M,91,0,1,0,0,0,0,1,0,0,"- ","- ",,,"SAN FRANCISCO","SAN FRANCISCO",-122.43118286132812,37.767601013183594
9691036,2024,2024-05-28,3801,2024-03-17,2223,2408,MISSI,7,5,7,3801,0,0,0,,0,3D11E,"VALENCIA ST",SYCAMORE,89.00,S,N,A,-,N,,,,,,,,,,Y,2,0,1,4,A,-,17,21209,,F,A,G,A,A,H,-,C,A,0,,Y,,,Y,Y,A,01,1,0,0,0,0,0,1,0,0,"- ","- ",,,"SAN FRANCISCO","SAN FRANCISCO",-122.42162322998047,37.762306213378906
9691042,2024,2024-05-23,3801,2024-03-17,1420,1533,NORTH,7,5,7,3801,0,0,0,,0,3E76,"GOUGH ST","TURK ST",0.00,,Y,A,-,N,,,,,,,,,,N,3,0,1,2,A,-,03,22350,,N,D,G,A,A,H,-,A,A,0,,Y,,,Y,,L,04,0,1,0,0,0,0,1,0,0,"- ","- ",,,"SAN FRANCISCO","SAN FRANCISCO",-122.42391967773438,37.781532287597656
9691044,2024,2024-05-23,3801,2024-03-16,1510,2366,NORTH,6,5,7,3801,0,0,0,,0,"1 CAR","FELL ST","SCOTT ST",0.00,,Y,A,-,N,,,,,,,,,,N,4,0,1,2,A,-,03,22350,,N,D,G,A,A,H,-,A,A,0,,Y,,,Y,,L,04,0,0,1,0,0,0,1,0,0,"- ","- ",,,"SAN FRANCISCO","SAN FRANCISCO",-122.43594360351562,37.774269104003906
9691046,2024,2024-06-07,3801,2024-03-18,2208,2214,INGLE,1,5,7,3801,0,0,0,,0,3H15E,"MISSION ST","WHITTIER ST",0.00,,Y,A,-,N,,,,,,,,,,N,4,0,1,2,A,-,12,21453,A,F,D,G,A,A,H,-,C,A,0,,Y,,,Y,,-,99,0,0,1,0,0,0,1,0,0,"- ","- ",,,"SAN FRANCISCO","SAN FRANCISCO",-122.44837188720703,37.710350036621094
9691055,2024,2024-05-28,3801,2024-03-07,0809,1967,NORTH,4,5,7,3801,0,0,0,,0,3E12A,"FULTON ST","FILLMORE ST",0.00,,Y,A,-,N,,,,,,,,,,N,3,0,1,2,A,-,08,22107,,N,C,G,A,A,H,-,A,D,0,,Y,,,Y,,A,01,0,1,0,0,0,0,1,0,0,"- ","- ",,,"SAN FRANCISCO","SAN FRANCISCO",-122.43155670166016,37.777690887451172
9691057,2024,2024-05-28,3801,2024-03-06,1804,1857,SOUTH,3,5,7,3801,0,0,0,,0,3B60,"MARKET ST","ROSE ST",0.00,,Y,A,-,N,,,,,,,,,,N,4,0,1,2,A,-,04,21703,,N,C,G,A,A,H,-,B,D,0,,Y,,,Y,,L,04,0,0,1,0,0,0,1,0,0,"- ","- ",,,"SAN FRANCISCO","SAN FRANCISCO",-122.421142578125,37.773693084716797
9691066,2024,2024-05-16,3801,2024-03-08,1103,1129,SOUTH,5,5,7,3801,0,0,0,,0,3B13A,"ANGELOS ALLEY","MISSION ST",0.00,,Y,A,-,N,,,,,,,,,,N,4,0,1,2,B,-,22,,,N,D,G,A,A,H,-,A,D,0,,Y,,,Y,,L,04,0,0,1,0,0,0,1,0,0,"- ","- ",,,"SAN FRANCISCO","SAN FRANCISCO",-122.41226959228516,37.778156280517578
9691078,2024,2024-05-17,3801,2024-03-04,1745,2143,MISSI,1,5,7,3801,0,0,0,,0,3D1D,"MISSION ST","13TH ST",0.00,,Y,A,-,N,,,,,,,,,,N,4,0,1,2,D,-,00,,,N,-,G,A,A,H,-,B,A,0,,Y,,,Y,,-,"- ",0,0,1,0,0,0,1,0,0,"- ","- ",,,"SAN FRANCISCO","SAN FRANCISCO",-122.419921875,37.769977569580078
9691080,2024,2024-05-17,3801,2024-03-22,1600,1771,MISSI,5,5,7,3801,0,0,0,,0,3D00,"CESAR CHAVEZ ST","BRYANT ST",0.00,,Y,A,-,N,,,,,,,,,,N,4,0,1,2,A,-,08,22107,,N,B,G,A,A,H,-,A,A,0,,Y,,,Y,,-,,0,0,1,0,0,0,1,0,0,"- ","- ",,,"SAN FRANCISCO","SAN FRANCISCO",-122.40872192382812,37.748401641845703
9691082,2024,2024-05-17,3801,2024-03-23,1432,618,TARAV,6,5,7,3801,0,0,0,,0,3I13A,"37TH AVE","PACHECO ST",0.00,,Y,A,-,N,,,,,,,,,,N,3,0,1,2,A,-,03,22350,,N,D,G,A,A,H,-,A,D,0,,Y,,,Y,,L,04,0,1,0,0,0,0,1,0,0,"- ","- ",,,"SAN FRANCISCO","SAN FRANCISCO",-122.49549102783203,37.749679565429688
9691087,2024,2024-07-09,3801,2024-03-16,1716,1951,SOUTH,6,5,7,3801,0,0,0,,0,0B5,"TERRY A FRANCOIS","ILLINOIS ST",0.00,,Y,A,-,N,,,,,,,,,,N,4,0,1,2,A,-,03,22350,,N,D,G,A,A,H,-,A,A,0,,Y,,,Y,,L,04,0,0,1,0,0,0,1,0,0,"- ","- ",,,"SAN FRANCISCO","SAN FRANCISCO",-122.38792419433594,37.764377593994141
9691090,2024,2024-05-17,3801,2024-03-24,1530,1316,RICHM,7,5,7,3801,0,0,0,,0,3G12D,"CLAY ST","ARGUELLO BLVD",0.00,,Y,A,-,N,,,,,,,,,,N,3,0,1,1,A,-,03,22350,,N,F,-,A,A,H,-,A,A,0,,Y,,,Y,,L,04,0,1,0,0,0,0,1,0,0,"- ","- ",,,"SAN FRANCISCO","SAN FRANCISCO",-122.45932769775391,37.787506103515625
9691123,2024,2024-04-10,3801,2024-02-29,1234,2196,MISSI,4,5,7,3801,0,0,0,,0,3D11A,"17TH ST","POND ST",0.00,S,N,B,C,N,,,,,,,,,,N,3,0,1,3,A,-,06,21755,A,N,C,G,A,B,H,-,A,D,0,,Y,,,Y,Y,A,01,0,1,0,0,0,0,1,0,0,"- ","- ",,,"SAN FRANCISCO","SAN FRANCISCO",-122.43211364746094,37.762676239013672
9691136,2024,2024-04-10,3801,2024-02-29,0746,2195,NORTH,4,5,7,3801,0,0,0,,0,001,"FELL ST","DIVISADERO ST",0.00,,Y,A,-,N,,,,,,,,,,N,4,0,1,2,A,-,12,21453,A,N,D,G,A,B,H,-,A,A,0,,Y,,,Y,,A,07,0,0,1,0,0,0,1,0,0,"- ","- ",,,"SAN FRANCISCO","SAN FRANCISCO",-122.43759918212891,37.774063110351562
9691157,2024,2024-04-19,3801,2024-02-26,1900,2741,TENDE,1,5,7,3801,0,0,0,,0,3J14E,"MARKET ST","SANSOME ST",0.00,,Y,A,-,N,,,,,,,,,,N,4,0,1,2,A,-,00,20001,A,F,B,G,A,A,D,-,C,D,0,,Y,,,Y,,A,01,0,0,1,0,0,0,1,0,0,"- ","- ",,,"SAN FRANCISCO","SAN FRANCISCO",-122.40048217773438,37.7901611328125
9691269,2024,2024-04-25,3801,2024-02-28,2038,1732,TENDE,3,5,7,3801,0,0,0,,0,1500-0,"MCALLISTER ST","HYDE ST",0.00,,Y,A,-,N,,,,,,,,,,N,4,0,1,2,A,-,08,22107,,N,B,G,A,A,H,-,C,A,0,,Y,Y,,Y,,L,04,0,0,1,0,0,0,1,0,0,"- ","- ",,,"SAN FRANCISCO","SAN FRANCISCO",-122.41532135009766,37.780738830566406
9699245,2024,2024-06-06,3801,2024-03-20,1531,893,INGLE,3,5,7,3801,0,0,0,,0,3H13D,"NEVADA ST","CORTLAND AV",0.00,,Y,A,-,N,,,,,,,,,,N,3,0,1,2,A,-,03,22350,,N,E,E,A,A,H,-,A,A,0,,Y,,,Y,,L,04,0,1,0,0,0,0,1,0,0,"- ","- ",,,"SAN FRANCISCO","SAN FRANCISCO",-122.41133880615234,37.739826202392578
9700990,2024,2024-07-26,3801,2024-01-10,1129,397,TENDE,3,5,7,3801,0,0,0,,0,3J14A,"TURK ST",LEAVENWORTH,34.00,E,N,A,-,N,,,,,,,,,,N,3,0,1,1,A,-,03,22350,,N,A,A,A,D,D,-,A,A,0,,Y,,,Y,,L,04,0,1,0,0,0,0,1,0,0,"- ","- ",,,"SAN FRANCISCO","SAN FRANCISCO",-122.41392517089844,37.782814025878906
9703829,2024,2024-07-01,3801,2024-05-10,1810,2724,PARK,5,5,7,3801,0,0,0,,0,3F13D,"MASONIC AV","FELL ST",0.00,,Y,A,-,N,,,,,,,,,,N,4,0,1,2,A,-,10,21950,A,N,D,G,A,A,H,-,A,A,0,,Y,,,Y,,A,01,0,0,1,0,0,0,1,0,0,"- ","- ",,,"SAN FRANCISCO","SAN FRANCISCO",-122.44591522216797,37.772983551025391
9703924,2024,2024-07-09,3801,2024-05-12,1248,2202,INGLE,7,5,7,3801,0,0,0,,0,0H2,"CHENERY ST","SURREY ST",0.00,,Y,A,-,N,,,,,,,,,,N,3,0,1,2,A,-,03,22350,,N,C,E,A,A,H,-,A,D,0,,Y,,,Y,,L,04,0,1,0,0,0,0,1,0,0,"- ","- ",,,"SAN FRANCISCO","SAN FRANCISCO",-122.438720703125,37.735675811767578