CASE_ID,ACCIDENT_YEAR,PROC_DATE,JURIS,COLLISION_DATE,COLLISION_TIME,OFFICER_ID,REPORTING_DISTRICT,DAY_OF_WEEK,CHP_SHIFT,POPULATION,CNTY_CITY_LOC,SPECIAL_COND,BEAT_TYPE,CHP_BEAT_TYPE,CITY_DIVISION_LAPD,CHP_BEAT_CLASS,BEAT_NUMBER,PRIMARY_RD,SECONDARY_RD,DISTANCE,DIRECTION,INTERSECTION,WEATHER_1,WEATHER_2,STATE_HWY_IND,CALTRANS_COUNTY,CALTRANS_DISTRICT,STATE_ROUTE,ROUTE_SUFFIX,POSTMILE_PREFIX,POSTMILE,LOCATION_TYPE,RAMP_INTERSECTION,SIDE_OF_HWY,TOW_AWAY,COLLISION_SEVERITY,NUMBER_KILLED,NUMBER_INJURED,PARTY_COUNT,PRIMARY_COLL_FACTOR,PCF_CODE_OF_VIOL,PCF_VIOL_CATEGORY,PCF_VIOLATION,PCF_VIOL_SUBSECTION,HIT_AND_RUN,TYPE_OF_COLLISION,MVIW,PED_ACTION,ROAD_SURFACE,ROAD_COND_1,ROAD_COND_2,LIGHTING,CONTROL_DEVICE,CHP_ROAD_TYPE,PEDESTRIAN_ACCIDENT,BICYCLE_ACCIDENT,MOTORCYCLE_ACCIDENT,TRUCK_ACCIDENT,NOT_PRIVATE_PROPERTY,ALCOHOL_INVOLVED,STWD_VEHTYPE_AT_FAULT,CHP_VEHTYPE_AT_FAULT,COUNT_SEVERE_INJ,COUNT_VISIBLE_INJ,COUNT_COMPLAINT_PAIN,COUNT_PED_KILLED,COUNT_PED_INJURED,COUNT_BICYCLIST_KILLED,COUNT_BICYCLIST_INJURED,COUNT_MC_KILLED,COUNT_MC_INJURED,PRIMARY_RAMP,SECONDARY_RAMP,LATITUDE,LONGITUDE,COUNTY,CITY,POINT_X,POINT_Y
9437550,2022,2022-05-13,3801,2022-04-07,2104,2056,SOUTH,4,5,7,3801,0,0,0,,0,0B4,"SOUTH VAN NESS","MISSION ST",0.00,,Y,A,-,N,,,,,,,,,,N,3,0,1,2,A,-,12,21453,,N,A,G,A,-,H,-,C,A,0,,Y,,,Y,,L,04,0,1,0,0,0,0,1,0,0,"- ","- ",,,"SAN FRANCISCO","SAN FRANCISCO",-122.41863250732422,37.773109436035156
9441313,2022,2022-05-19,3801,2022-04-02,1720,1994,TRAFF,6,5,7,3801,0,0,0,,0,4B3D,"POWELL ST","OFARRELL ST",70.00,N,N,A,-,N,,,,,,,,,,N,3,0,1,1,A,-,03,22350,,N,H,I,A,A,G,-,A,D,0,,Y,,,Y,,L,04,0,1,0,0,0,0,1,0,0,"- ","- ",,,"SAN FRANCISCO","SAN FRANCISCO",-122.40806579589844,37.786628723144531
9454060,2022,2022-07-15,3801,2022-06-07,0854,50,TENDE,2,5,7,3801,0,0,0,,0,,"CHARLES J BRENHAM ST","MARKET ST",60.00,N,N,A,-,N,,,,,,,,,,N,3,0,1,2,A,-,00,21655,1,F,A,G,A,A,H,-,A,D,0,,Y,,,Y,Y,A,07,0,1,0,0,0,0,1,0,0,"- ","- ",,,"SAN FRANCISCO","SAN FRANCISCO",-122.41265106201172,37.780601501464844
9454184,2022,2022-07-11,3801,2022-05-29,1016,2162,SOUTH,7,5,7,3801,0,0,0,,0,3B4A,"MISSION ST","9TH ST",0.00,,Y,A,-,N,,,,,,,,,,N,3,0,1,2,A,-,03,22350,,F,D,J,A,A,H,-,A,A,0,,Y,,,Y,,L,04,0,1,0,0,0,0,0,0,0,"- ","- ",,,"SAN FRANCISCO","SAN FRANCISCO",-122.41471862792969,37.776241302490234
9468619,2023,2023-09-08,3801,2023-08-09,1816,2118,SOUTH,3,5,7,3801,0,0,0,,0,3B12D,"HARRISON ST","2ND ST",0.00,,Y,A,-,N,,,,,,,,,,N,2,0,2,2,A,-,12,21453,A,N,H,G,A,A,H,-,A,A,0,,Y,,,Y,,L,04,1,0,1,0,0,0,1,0,0,"- ","- ",,,"SAN FRANCISCO","SAN FRANCISCO",-122.39517974853516,37.784332275390625
9468625,2023,2023-09-08,3801,2023-08-24,1332,310,SOUTH,4,5,7,3801,0,0,0,,0,3B49,"17TH ST","MISSISSIPPI ST",0.00,,Y,A,-,N,,,,,,,,,,N,2,0,1,1,A,-,03,22350,,N,H,I,A,A,H,-,A,D,0,,Y,,,Y,,L,04,1,0,0,0,0,0,1,0,0,"- ","- ",,,"SAN FRANCISCO","SAN FRANCISCO",-122.39485168457031,37.765243530273438
9468665,2023,2023-09-11,3801,2023-08-14,1926,2725,RICHM,1,5,7,3801,0,0,0,,0,,"ARGUELLO BL","WASHINGTON ST",121.00,S,N,A,-,N,,,,,,,,,,N,3,0,1,2,A,-,09,21801,A,N,H,A,A,A,H,-,A,D,0,,Y,,,Y,,A,01,0,1,0,0,0,0,1,0,0,"- ","- ",,,"SAN FRANCISCO","SAN FRANCISCO",-122.45936584472656,37.788009643554688
9468692,2023,2023-09-15,3801,2023-08-04,0656,2195,NORTH,5,5,7,3801,0,0,0,,0,003,"GOUGH ST","FULTON ST",0.00,,Y,A,-,N,,,,,,,,,,N,3,0,1,2,A,-,08,22107,,N,D,G,A,A,H,-,A,A,0,,Y,,,Y,,A,01,0,1,0,0,0,0,1,0,0,"- ","- ",,,"SAN FRANCISCO","SAN FRANCISCO",-122.42334747314453,37.778751373291016
9468704,2023,2023-09-14,3801,2023-08-11,2223,2335,PARK,5,5,7,3801,0,0,0,,0,0F3,"OAK ST","CENTRAL AV",0.00,,Y,A,-,N,,,,,,,,,,N,4,0,1,2,A,-,03,22350,,N,B,G,A,A,H,-,C,A,0,,Y,,,Y,,L,04,0,0,1,0,0,0,1,0,0,"- ","- ",,,"SAN FRANCISCO","SAN FRANCISCO",-122.44405364990234,37.772289276123047
9468804,2023,2023-09-11,3801,2023-07-28,0141,1308,SOUTH,5,5,7,3801,0,0,0,,0,3B12E,"HOWARD RD","6TH ST",0.00,,Y,A,-,N,,,,,,,,,,N,4,0,1,2,A,-,12,21453,A,F,D,G,A,A,H,-,B,A,0,,Y,Y,,Y,,L,04,0,0,1,0,0,0,1,0,0,"- ","- ",,,"SAN FRANCISCO","SAN FRANCISCO",-122.40714263916016,37.779750823974609
9468853,2023,2023-09-12,3801,2023-06-23,1610,2455,CENTR,5,5,7,3801,0,0,0,,0,3A15D,"THE EMBARCADERO","THE EMBARCADERO 1",0.00,,Y,A,-,N,,,,,,,,,,N,4,0,1,2,D,-,00,,,N,B,G,A,A,H,-,A,A,0,,Y,,,Y,,-,"- ",0,0,1,0,0,0,1,0,0,"- ","- ",,,"SAN FRANCISCO","SAN FRANCISCO",-122.38925933837891,37.780281066894531
9488618,2022,2022-08-29,3801,2022-06-14,0900,308,1,2,5,7,3801,0,0,0,,0,001,"HOLLOWAY AV","TAPIA DR",113.00,W,N,A,-,N,,,,,,,,,,N,2,0,1,1,C,-,18,,,N,H,J,A,A,A,-,A,D,0,,Y,,,Y,,-,"- ",1,0,0,0,0,0,1,0,0,"- ","- ",37.721019744873047,-122.48133850097656,"SAN FRANCISCO","SAN FRANCISCO",-122.48100280761719,37.720912933349609
9503062,2022,2022-10-07,3801,2022-08-07,2218,4136,RICHM,7,5,7,3801,0,0,0,,0,3G2E,"CLAY ST","PRESIDIO AVE",0.00,,N,A,-,N,,,,,,,,,,N,2,0,1,1,D,-,00,,,N,E,I,A,A,C,G,C,D,0,,Y,,,Y,,-,"- ",1,0,0,0,0,0,1,0,0,"- ","- ",,,"SAN FRANCISCO","SAN FRANCISCO",-122.44715881347656,37.789073944091797
9503226,2022,2022-09-21,3801,2022-08-22,2148,679,NORTH,1,5,7,3801,0,0,0,,0,0E3,"TURK ST","GOUGH ST",0.00,,Y,A,-,N,,,,,,,,,,N,3,0,1,2,A,-,12,21453,A,N,D,C,A,A,H,-,C,A,0,,Y,,,Y,,L,04,0,1,0,0,0,0,1,0,0,"- ","- ",,,"SAN FRANCISCO","SAN FRANCISCO",-122.42391967773438,37.781532287597656
9503229,2022,2022-09-21,3801,2022-08-02,0546,390,PARK,2,5,7,3801,0,0,0,,0,001,"KEZAR DR","JOHN F KENNEDY DR",142.00,S,N,A,-,N,,,,,,,,,,N,4,0,1,2,D,-,00,,,N,D,G,A,A,H,-,C,A,0,,Y,,,Y,,-,"- ",0,0,1,0,0,0,1,0,0,"- ","- ",,,"SAN FRANCISCO","SAN FRANCISCO",-122.45545959472656,37.770488739013672
9505217,2022,2022-10-11,3801,2022-04-07,1737,1173,RICHM,4,5,7,3801,0,0,0,,0,901,"GREAT HWY","JOHN KENNEDY DR",0.00,,Y,A,-,N,,,,,,,,,,N,3,0,1,2,A,-,09,21801,A,N,D,G,A,A,H,-,A,D,0,,Y,,,Y,,A,01,0,1,0,0,0,0,1,0,0,"- ","- ",,,"SAN FRANCISCO","SAN FRANCISCO",-122.51103973388672,37.770481109619141
9506074,2022,2022-11-10,3801,2022-10-11,1745,539,NORTH,2,5,7,3801,0,0,0,,0,NORTHE,"MCALLISTER ST","WEBSTER ST",0.00,,Y,B,-,N,,,,,,,,,,N,3,0,1,2,A,-,12,21453,A,N,D,G,A,A,H,-,A,A,0,,Y,,,Y,,L,04,0,1,0,0,0,0,1,0,0,CN,"- ",,,"SAN FRANCISCO","SAN FRANCISCO",-122.43010711669922,37.778839111328125
9506355,2022,2022-10-11,3801,2022-09-12,1517,2732,CENTR,1,5,7,3801,0,0,0,,0,3A11D,"LARKIN ST","CEDAR ST",34.00,S,N,A,-,N,,,,,,,,,,N,4,0,2,2,A,-,11,21954,A,N,G,B,D,A,H,-,A,A,0,Y,Y,,,Y,,N,60,0,0,2,0,1,0,1,0,0,"- ","- ",,,"SAN FRANCISCO","SAN FRANCISCO",-122.41817474365234,37.786476135253906
9506482,2022,2022-10-18,3801,2022-09-12,1422,1987,TENDE,1,5,7,3801,0,0,0,,0,3J92D,"MISSION ST","8TH ST",0.00,,Y,A,-,N,,,,,,,,,,N,4,0,1,2,A,-,"- ",,,N,B,C,A,A,H,-,A,A,0,,Y,,,Y,,L,04,0,0,1,0,0,0,1,0,0,"- ","- ",,,"SAN FRANCISCO","SAN FRANCISCO",-122.41315460205078,37.7774658203125
9506500,2022,2022-10-10,3801,2022-09-05,0905,4286,RICHM,1,5,7,3801,0,0,0,,0,0G2,"CLAY ST","BRODERICK ST",180.00,W,N,A,-,N,,,,,,,,,,N,3,0,1,2,A,-,09,21801,A,N,D,G,A,A,H,-,A,D,0,,Y,,,Y,,A,01,0,1,0,0,0,0,1,0,0,"- ","- ",,,"SAN FRANCISCO","SAN FRANCISCO",-122.44309997558594,37.789577484130859
9506537,2022,2022-10-11,3801,2022-09-20,1741,2433,SOUTH,2,5,7,3801,0,0,0,,0,3B3D,"4TH ST","FOLSOM ST",25.00,W,N,A,-,N,,,,,,,,,,N,4,0,1,2,A,-,03,22350,,N,B,G,A,A,H,-,A,A,0,,Y,,,Y,,L,04,0,0,1,0,0,0,1,0,0,"- ","- ",,,"SAN FRANCISCO","SAN FRANCISCO",-122.40122222900391,37.782085418701172
9506577,2022,2022-10-10,3801,2022-08-31,1938,4046,INGLE,3,5,7,3801,0,0,0,,0,3H61,"JARBOE AV","PUTNAM ST",0.00,,Y,A,-,N,,,,,,,,,,N,3,0,1,2,A,-,09,21802,A,N,D,C,A,A,H,-,A,A,0,,Y,,,Y,,L,04,0,1,0,0,0,0,1,0,0,"- ","- ",,,"SAN FRANCISCO","SAN FRANCISCO",-122.41088104248047,37.738170623779297
9506588,2022,2022-10-11,3801,2022-09-09,2130,1184,MISSI,5,5,7,3801,0,0,0,,0,3D15E,"13TH ST","MISSION ST",15.00,E,N,A,-,N,,,,,,,,,,N,2,0,1,2,A,-,12,21453,A,N,D,G,A,A,H,-,C,A,0,,Y,,,Y,,L,04,1,0,0,0,0,0,1,0,0,"- ","- ",,,"SAN FRANCISCO","SAN FRANCISCO",-122.41986846923828,37.769977569580078
9509965,2022,2022-12-16,3801,2022-11-07,1010,1500,CENTR,1,5,7,3801,0,0,0,,0,3A14A,"STOCKTON ST","FILBERT ST",40.00,N,N,A,-,N,,,,,,,,,,N,4,0,1,2,A,-,09,21804,A,N,B,G,A,A,H,-,A,D,0,,Y,,,Y,,L,04,0,0,1,0,0,0,1,0,0,"- ","- ",,,"SAN FRANCISCO","SAN FRANCISCO",-122.40937805175781,37.801479339599609
9509988,2022,2022-12-16,3801,2022-11-27,2017,2740,TRAVA,7,5,7,3801,0,0,0,,0,0I5,"WINSTON DR","LAKE MERCED BL",210.00,E,N,-,-,N,,,,,,,,,,N,3,0,1,2,A,-,05,21460,,F,D,G,A,A,-,-,C,D,0,,Y,,,Y,,A,01,0,1,0,0,0,0,1,0,0,"- ","- ",,,"SAN FRANCISCO","SAN FRANCISCO",-122.48324584960938,37.727043151855469
9510067,2022,2022-12-08,3801,2022-10-29,1851,4047,MISSI,6,5,7,3801,0,0,0,,0,3D16D,"GUERRERO ST","17TH ST",0.00,,Y,A,-,N,,,,,,,,,,N,4,0,1,2,A,-,09,21801,,N,-,G,A,A,H,-,C,A,0,,Y,,,Y,,A,01,0,0,1,0,0,0,1,0,0,"- ","- ",,,"SAN FRANCISCO","SAN FRANCISCO",-122.42392730712891,37.763172149658203
9522338,2022,2023-01-10,3801,2022-11-09,0500,1124,TENDE,3,5,7,3801,0,0,0,,0,TEND2,"MARKET ST","4TH ST",0.00,,Y,B,-,N,,,,,,,,,,N,3,0,1,1,A,-,03,22350,,N,H,A,A,B,G,-,C,A,0,,Y,,,Y,,L,04,0,1,0,0,0,0,1,0,0,"- ","- ",,,"SAN FRANCISCO","SAN FRANCISCO",-122.40589141845703,37.785697937011719
9531190,2022,2022-12-22,3801,2022-11-26,0036,1574,INGLE,6,5,7,3801,0,0,0,,0,3H15E,"SAN JOSE AV","BADEN ST",0.00,,Y,A,-,N,,,,,,,,,,N,3,0,1,2,A,-,08,22107,,N,E,E,A,A,H,-,C,D,0,,Y,,,Y,Y,L,04,0,1,0,0,0,0,1,0,0,"- ","- ",,,"SAN FRANCISCO","SAN FRANCISCO",-122.43900299072266,37.729621887207031
9531459,2022,2022-11-21,3801,2022-10-04,1209,1825,SOUTH,2,5,7,3801,0,0,0,,0,3B2A,"2ND ST","FEDERAL ST",0.00,,Y,A,-,N,,,,,,,,,,N,3,0,2,2,A,-,03,22350,,N,D,B,C,A,H,-,A,D,0,Y,Y,,,Y,,L,04,0,2,0,0,1,0,1,0,0,"- ","- ",,,"SAN FRANCISCO","SAN FRANCISCO",-122.39308166503906,37.782646179199219
9531521,2022,2022-11-22,3801,2022-07-20,1830,1810,MISSI,3,5,7,3801,0,0,0,,0,3D14D,"21ST ST","MISSION ST",0.00,,Y,F,-,N,,,,,,,,,,N,2,0,1,2,A,-,17,22517,,N,H,G,A,-,G,-,-,-,0,,Y,,,Y,,A,07,1,0,0,0,0,0,1,0,0,"- ","- ",,,"SAN FRANCISCO","SAN FRANCISCO",-122.41891479492188,37.757015228271484
9531526,2022,2022-11-22,3801,2022-07-26,1830,469,MISSI,2,5,7,3801,0,0,0,,0,3D14D,"CESAR CHAVEZ","BRYANT ST",0.00,,Y,A,-,N,,,,,,,,,,N,3,0,1,2,A,-,08,22107,,N,B,G,A,A,H,-,A,A,0,,Y,,,Y,,A,01,0,1,0,0,0,0,1,0,0,"- ","- ",,,"SAN FRANCISCO","SAN FRANCISCO",-122.40872192382812,37.748401641845703
9543100,2022,2023-02-07,3801,2022-12-14,1715,2143,MISSI,3,5,7,3801,0,0,0,,0,3D11D,"18TH ST","18TH ST 3320",0.00,,-,A,-,N,,,,,,,,,,N,3,0,2,1,C,-,18,,,N,H,A,A,-,H,-,B,D,0,,Y,,,Y,Y,-,"- ",0,1,1,0,0,0,2,0,0,"- ","- ",,,"SAN FRANCISCO","SAN FRANCISCO",,
9543222,2022,2023-02-16,3801,2022-12-19,0330,2167,INGLE,1,5,7,3801,0,0,0,,0,3H16E,"SAN JOSE AV","GENEVA AV",0.00,,Y,A,-,N,,,,,,,,,,N,4,0,1,2,A,-,12,21453,A,F,D,G,A,A,H,-,C,A,0,,Y,,,Y,,A,01,0,0,1,0,0,0,1,0,0,"- ","- ",,,"SAN FRANCISCO","SAN FRANCISCO",-122.44663238525391,37.720729827880859
9545391,2023,2023-03-06,3801,2023-01-23,2245,1871,INGLE,1,5,7,3801,0,0,0,,0,901,"BAYSHORE BL","VISITACION AV",0.00,,Y,A,-,N,,,,,,,,,,N,2,0,1,2,D,-,00,,,N,H,G,A,A,H,-,C,A,0,,Y,,,Y,,-,"- ",1,0,0,0,0,0,1,0,0,"- ","- ",,,"SAN FRANCISCO","SAN FRANCISCO",-122.40432739257812,37.710441589355469
9545573,2023,2023-03-04,3801,2023-01-04,1030,1605,NORTH,3,5,7,3801,0,0,0,,0,3E12A,"WEBSTER ST","MCALLISTER ST",0.00,,Y,C,-,N,,,,,,,,,,N,4,0,1,2,A,-,03,22350,,N,H,-,A,B,H,-,A,A,0,,Y,,,Y,,L,04,0,0,1,0,0,0,1,0,0,"- ","- ",,,"SAN FRANCISCO","SAN FRANCISCO",-122.43010711669922,37.778839111328125
9545593,2023,2023-02-22,3801,2023-01-28,1045,4026,BAYVI,6,5,7,3801,0,0,0,,0,3C11A,"TENNESSEE ST","MARIPOSA ST",40.00,S,N,A,-,N,,,,,,,,,,N,4,0,1,2,A,-,05,21650,,F,B,G,A,A,H,-,A,D,0,,Y,,,Y,Y,A,01,0,0,1,0,0,0,1,0,0,"- ","- ",,,"SAN FRANCISCO","SAN FRANCISCO",-122.38985443115234,37.76416015625
9545604,2022,2023-02-10,3801,2022-11-26,1527,2725,RICHM,6,5,7,3801,0,0,0,,0,,"CLAY ST","LAUREL ST",103.00,W,N,A,-,N,,,,,,,,,,N,3,0,1,2,A,-,09,21804,A,N,D,G,A,A,H,-,A,D,0,,Y,,,Y,,L,04,0,1,0,0,0,0,1,0,0,"- ","- ",,,"SAN FRANCISCO","SAN FRANCISCO",-122.45083618164062,37.788585662841797
9553673,2023,2023-03-16,3801,2023-01-20,1453,1400,CENTR,5,5,7,3801,0,0,0,,0,,"NORTH POINT ST","LARKIN ST",0.00,,-,A,-,N,,,,,,,,,,,3,0,1,2,A,-,17,22517,,N,B,G,A,A,H,-,A,D,0,,Y,,,Y,Y,A,01,0,1,0,0,0,0,1,0,0,"- ","- ",,,"SAN FRANCISCO","SAN FRANCISCO",-122.4219970703125,37.805507659912109
9553757,2023,2023-03-30,3801,2023-02-15,1045,1573,BAYVI,3,5,7,3801,0,0,0,,0,3C15A,"3RD ST","JAMESTOWN AV",0.00,,Y,A,-,N,,,,,,,,,,N,3,0,1,2,A,-,12,21453,A,N,D,G,A,A,H,-,A,A,0,,Y,,,Y,,L,04,0,1,0,0,0,0,1,0,0,"- ","- ",,,"SAN FRANCISCO","SAN FRANCISCO",-122.39671325683594,37.720260620117188
9553929,2023,2023-03-25,3801,2023-02-02,1613,2100,MISSI,4,5,7,3801,0,0,0,,0,3D11D,"VALENCIA ST","ROSE PARKS LN",0.00,,Y,F,-,N,,,,,,,,,,N,3,0,1,1,A,-,03,22350,,N,F,A,A,-,H,-,-,D,0,,Y,,,Y,,L,04,0,1,0,0,0,0,1,0,0,"- ","- ",,,"SAN FRANCISCO","SAN FRANCISCO",-122.42211151123047,37.767448425292969
9553933,2023,2023-03-28,3801,2023-02-10,1944,1806,NORTH,5,5,7,3801,0,0,0,,0,3E13D,"LAGUNA ST","GOLDEN GATE AV",0.00,,Y,A,-,N,,,,,,,,,,N,4,0,1,2,A,-,06,21755,A,N,B,G,A,A,H,-,C,A,0,,Y,,,Y,,L,04,0,0,1,0,0,0,1,0,0,"- ","- ",,,"SAN FRANCISCO","SAN FRANCISCO",-122.42701721191406,37.780200958251953
9553981,2023,2023-03-25,3801,2023-02-15,0930,1514,MISSI,3,5,7,3801,0,0,0,,0,,"17TH ST","CHURCH ST",20.00,W,N,A,-,N,,,,,,,,,,N,4,0,1,1,C,-,18,,,N,H,G,A,A,G,-,A,D,0,,Y,,,Y,,-,"- ",0,0,1,0,0,0,1,0,0,"- ","- ",,,"SAN FRANCISCO","SAN FRANCISCO",-122.42858123779297,37.762874603271484
9553988,2023,2023-03-25,3801,2023-02-21,1246,4294,NORTH,2,5,7,3801,0,0,0,,0,3E13A,"POLK ST","CEDAR ST",0.00,,Y,A,-,N,,,,,,,,,,N,3,0,1,2,A,-,08,22107,,N,B,G,A,A,H,-,A,D,0,,Y,,,Y,,A,01,0,1,0,0,0,0,1,0,0,"- ","- ",,,"SAN FRANCISCO","SAN FRANCISCO",-122.41983032226562,37.786373138427734
9554147,2023,2023-03-25,3801,2023-02-18,0822,624,NORTH,6,5,7,3801,0,0,0,,0,002,"WEBSTER ST","GROVE ST",0.00,,Y,A,-,N,,,,,,,,,,Y,4,0,1,1,A,-,03,22350,,N,H,A,A,A,H,-,A,A,0,,Y,,,Y,,L,04,0,0,1,0,0,0,1,0,0,"- ","- ",,,"SAN FRANCISCO","SAN FRANCISCO",-122.42974853515625,37.776969909667969
9561214,2023,2023-04-24,3801,2023-03-21,1508,1352,MISSI,2,5,7,3801,0,0,0,,0,3D16C,"14TH ST","WOODWARD ST",0.00,,Y,C,-,N,,,,,,,,,,N,3,0,1,3,A,-,17,22517,,N,E,G,A,B,H,-,A,A,0,,Y,,,Y,,-,,0,1,0,0,0,0,1,0,0,"- ","- ",,,"SAN FRANCISCO","SAN FRANCISCO",-122.42076873779297,37.768238067626953
9561215,2023,2023-04-24,3801,2023-03-21,0750,179,NORTH,2,5,7,3801,0,0,0,,0,3E12A,"FULTON ST","WEBSTER ST",6.00,W,N,C,-,N,,,,,,,,,,N,2,0,1,2,A,-,08,22107,,N,-,G,A,B,-,-,A,A,0,,Y,,,Y,,A,01,1,0,0,0,0,0,1,0,0,"- ","- ",,,"SAN FRANCISCO","SAN FRANCISCO",-122.429931640625,37.777908325195312
9561242,2023,2023-04-08,3801,2023-03-01,1528,1945,BAYVI,3,5,7,3801,0,0,0,,0,3C11D,"22ND ST","PENNSYLVANIA AV",0.00,,Y,A,-,N,,,,,,,,,,N,4,0,1,2,A,-,09,21800,A,N,D,G,A,A,H,-,A,A,0,,Y,,,Y,,A,01,0,0,1,0,0,0,1,0,0,"- ","- ",,,"SAN FRANCISCO","SAN FRANCISCO",-122.39312744140625,37.757682800292969
9561350,2023,2023-04-17,3801,2023-03-11,1350,2401,MISSI,6,5,7,3801,0,0,0,,0,3D44C,"17TH ST","UTAH ST",0.00,,Y,A,-,N,,,,,,,,,,N,3,0,1,2,A,-,07,21658,A,N,D,G,A,A,H,-,A,A,0,,Y,,,Y,,A,01,0,1,0,0,0,0,1,0,0,"- ","- ",,,"SAN FRANCISCO","SAN FRANCISCO",-122.40643310546875,37.764549255371094
9572458,2023,2023-06-14,3801,2023-05-25,1548,2147,NORTH,4,5,7,3801,0,0,0,,0,2CAR,"FULTON ST","STEINER ST",0.00,,Y,A,-,N,,,,,,,,,,N,3,0,1,2,A,-,08,22108,,N,D,G,A,A,H,-,A,A,0,,Y,,,Y,,A,08,0,1,0,0,0,0,1,0,0,"- ","- ",,,"SAN FRANCISCO","SAN FRANCISCO",-122.43321228027344,37.777492523193359
9573032,2023,2023-05-06,3801,2023-04-18,0549,1024,TARAV,2,5,7,3801,0,0,0,,0,3I1E,"19TH AV","KIRKHAM ST",0.00,,Y,A,-,N,,,,,,,,,,N,2,0,1,2,A,-,12,21453,A,N,D,G,A,A,H,-,B,A,0,,Y,,,Y,,L,04,1,0,0,0,0,0,1,0,0,"- ","- ",,,"SAN FRANCISCO","SAN FRANCISCO",-122.47682952880859,37.759834289550781
9573809,2023,2023-04-18,3801,2023-02-13,1102,1183,MISSI,1,5,7,3801,0,0,0,,0,3D15A,"14TH ST","JULIAN AV",0.00,,Y,A,-,N,,,,,,,,,,N,4,0,1,2,A,-,08,22107,,N,D,G,A,A,H,-,A,D,0,,Y,,,Y,,A,08,0,0,1,0,0,0,1,0,0,"- ","- ",,,"SAN FRANCISCO","SAN FRANCISCO",-122.42121124267578,37.768211364746094
9576048,2023,2023-05-13,3801,2023-04-09,1125,1250,SOUTH,7,5,7,3801,0,0,0,,0,3B14A,"VALENCIA ST","MCCOPPIN ST",0.00,,Y,A,-,N,,,,,,,,,,N,4,0,1,2,A,-,09,21801,A,F,D,G,A,A,H,-,A,D,0,,Y,,,Y,,-,,0,0,1,0,0,0,1,0,0,"- ","- ",,,"SAN FRANCISCO","SAN FRANCISCO",-122.42253112792969,37.771587371826172
9576087,2023,2023-05-10,3801,2023-04-14,1635,2272,BAYVI,5,5,7,3801,0,0,0,,0,3C13D,"EVANS AV","JENNINGS ST",0.00,,Y,A,-,N,,,,,,,,,,N,4,0,1,2,A,-,09,21801,A,F,D,G,A,A,H,-,A,D,0,,Y,,,Y,,A,01,0,0,1,0,0,0,1,0,0,"- ","- ",,,"SAN FRANCISCO","SAN FRANCISCO",-122.37911987304688,37.737693786621094
9576117,2023,2023-05-10,3801,2023-04-23,1626,1696,NORTH,7,5,7,3801,0,0,0,,0,3E15D,"CLAY ST","STEINER ST",0.00,,Y,A,-,N,,,,,,,,,,N,4,0,1,2,A,-,12,22450,A,N,D,G,A,A,H,-,A,A,0,,Y,,,Y,,L,04,0,0,1,0,0,0,1,0,0,"- ","- ",,,"SAN FRANCISCO","SAN FRANCISCO",-122.43583679199219,37.790496826171875
9576687,2023,2023-05-09,3801,2023-04-27,0651,1477,MISSI,4,5,7,3801,0,0,0,,0,3D13A,"17TH ST","POTRERO AV",133.00,W,N,A,-,N,,,,,,,,,,N,4,0,1,2,A,-,17,22517,,N,B,G,A,A,H,-,A,D,0,,Y,,,Y,,-,,0,0,1,0,0,0,1,0,0,"- ","- ",,,"SAN FRANCISCO","SAN FRANCISCO",-122.40789031982422,37.764461517333984
9579943,2023,2023-06-21,3801,2023-05-15,0857,624,NORTH,1,5,7,3801,0,0,0,,0,002,"GOLDEN GATE AV","GOUGH ST",450.00,W,N,A,-,N,,,,,,,,,,N,3,0,1,2,A,-,08,22107,,N,B,G,A,A,H,-,A,D,0,,Y,,,Y,,L,04,0,1,0,0,0,0,1,0,0,"- ","- ",,,"SAN FRANCISCO","SAN FRANCISCO",-122.42527008056641,37.780418395996094
9580675,2023,2023-06-19,3801,2023-05-24,1655,1907,INGLE,3,5,7,3801,0,0,0,,0,3H12D,"BOSWORTH ST","ARLINGTON ST",0.00,,Y,A,-,N,,,,,,,,,,N,3,0,1,2,A,-,09,21800,B,N,D,G,A,A,H,-,A,D,0,,Y,,,Y,,L,04,0,1,0,0,0,0,1,0,0,"- ","- ",,,"SAN FRANCISCO","SAN FRANCISCO",-122.43290710449219,37.733318328857422
9591084,2023,2023-07-24,3801,2023-06-06,1612,1857,NORTH,2,5,7,3801,0,0,0,,0,3E61,"MARINA BL","BUCHANAN ST",0.00,,Y,A,-,N,,,,,,,,,,N,3,0,1,2,A,-,08,22107,,N,D,C,A,A,H,-,A,A,0,,Y,,,Y,,A,01,0,1,0,0,0,0,1,0,0,"- ","- ",,,"SAN FRANCISCO","SAN FRANCISCO",-122.43370819091797,37.805038452148438
9591234,2023,2023-07-13,3801,2023-05-31,1703,1523,NORTH,3,5,7,3801,0,0,0,,0,,"BAYT ST","VAN NESS AV",0.00,,Y,A,-,N,,,,,,,,,,N,4,0,1,2,A,-,05,21651,A,N,A,G,A,A,H,-,A,A,0,,Y,,,Y,,L,04,0,0,1,0,0,0,1,0,0,"- ","- ",,,"SAN FRANCISCO","SAN FRANCISCO",-122.42514801025391,37.804130554199219