CASE_ID,ACCIDENT_YEAR,PROC_DATE,JURIS,COLLISION_DATE,COLLISION_TIME,OFFICER_ID,REPORTING_DISTRICT,DAY_OF_WEEK,CHP_SHIFT,POPULATION,CNTY_CITY_LOC,SPECIAL_COND,BEAT_TYPE,CHP_BEAT_TYPE,CITY_DIVISION_LAPD,CHP_BEAT_CLASS,BEAT_NUMBER,PRIMARY_RD,SECONDARY_RD,DISTANCE,DIRECTION,INTERSECTION,WEATHER_1,WEATHER_2,STATE_HWY_IND,CALTRANS_COUNTY,CALTRANS_DISTRICT,STATE_ROUTE,ROUTE_SUFFIX,POSTMILE_PREFIX,POSTMILE,LOCATION_TYPE,RAMP_INTERSECTION,SIDE_OF_HWY,TOW_AWAY,COLLISION_SEVERITY,NUMBER_KILLED,NUMBER_INJURED,PARTY_COUNT,PRIMARY_COLL_FACTOR,PCF_CODE_OF_VIOL,PCF_VIOL_CATEGORY,PCF_VIOLATION,PCF_VIOL_SUBSECTION,HIT_AND_RUN,TYPE_OF_COLLISION,MVIW,PED_ACTION,ROAD_SURFACE,ROAD_COND_1,ROAD_COND_2,LIGHTING,CONTROL_DEVICE,CHP_ROAD_TYPE,PEDESTRIAN_ACCIDENT,BICYCLE_ACCIDENT,MOTORCYCLE_ACCIDENT,TRUCK_ACCIDENT,NOT_PRIVATE_PROPERTY,ALCOHOL_INVOLVED,STWD_VEHTYPE_AT_FAULT,CHP_VEHTYPE_AT_FAULT,COUNT_SEVERE_INJ,COUNT_VISIBLE_INJ,COUNT_COMPLAINT_PAIN,COUNT_PED_KILLED,COUNT_PED_INJURED,COUNT_BICYCLIST_KILLED,COUNT_BICYCLIST_INJURED,COUNT_MC_KILLED,COUNT_MC_INJURED,PRIMARY_RAMP,SECONDARY_RAMP,LATITUDE,LONGITUDE,COUNTY,CITY,POINT_X,POINT_Y
9591563,2023,2023-07-18,3801,2023-06-14,1523,704,BAYVI,3,5,7,3801,0,0,0,,0,3C11D,"INDIANA ST","CESAR CHAVEZ ST",0.00,,Y,A,-,N,,,,,,,,,,N,3,0,1,2,A,-,08,22107,,N,D,G,A,A,H,-,A,D,0,,Y,,,Y,,L,04,0,1,0,0,0,0,1,0,0,"- ","- ",,,"SAN FRANCISCO","SAN FRANCISCO",-122.39044952392578,37.750068664550781
9591700,2023,2023-07-13,3801,2023-06-25,0926,4283,RICHM,7,5,7,3801,0,0,0,,0,003,"CLEMENT ST","6TH ST",0.00,,Y,A,B,N,,,,,,,,,,N,4,0,1,2,A,-,09,21801,A,N,B,G,A,A,H,-,A,A,0,,Y,,,Y,,-,,0,0,1,0,0,0,1,0,0,"- ","- ",,,"SAN FRANCISCO","SAN FRANCISCO",-122.46442413330078,37.782955169677734
9591748,2023,2023-07-12,3801,2023-06-14,1123,1118,SOUTH,3,5,7,3801,0,0,0,,0,3B14A,"HARRISON ST","4TH ST",178.00,E,N,A,-,N,,,,,,,,,,N,4,0,1,2,A,-,05,21650,1,N,D,G,A,A,H,-,A,D,0,,Y,,,Y,,L,04,0,0,1,0,0,0,1,0,0,"- ","- ",,,"SAN FRANCISCO","SAN FRANCISCO",-122.39919281005859,37.781124114990234
9593806,2023,2023-07-17,3801,2023-06-18,1130,2210,SOUTH,7,5,7,3801,0,0,0,,0,0B4,"MARKET ST","OCTAVIA ST",0.00,,Y,A,-,N,,,,,,,,,,N,3,0,1,2,A,-,08,22101,D,N,D,G,A,A,H,-,A,A,0,,Y,,,Y,,A,01,0,1,0,0,0,0,1,0,0,"- ","- ",,,"SAN FRANCISCO","SAN FRANCISCO",-122.42359161376953,37.771774291992188
9593815,2023,2023-07-17,3801,2023-06-14,1747,1666,PARK,3,5,7,3801,0,0,0,,0,4CAR,"STEINER ST","DUBOCE AV",42.00,N,N,A,-,N,,,,,,,,,,N,4,0,1,2,A,-,04,21703,,N,C,G,A,A,H,-,A,A,0,,Y,,,Y,,A,07,0,0,1,0,0,0,1,0,0,"- ","- ",,,"SAN FRANCISCO","SAN FRANCISCO",-122.43160247802734,37.769432067871094
9601814,2023,2023-09-13,3801,2023-07-29,1120,4275,TARAV,6,5,7,3801,0,0,0,,0,3113A,"GREAT HWY","RIVERA ST",0.00,,Y,A,-,N,,,,,,,,,,N,3,0,2,2,A,-,10,21954,B,N,C,B,E,A,H,-,A,D,0,Y,Y,,,Y,,L,04,0,2,0,0,1,0,1,0,0,"- ","- ",,,"SAN FRANCISCO","SAN FRANCISCO",-122.50746917724609,37.745407104492188
9602211,2023,2023-08-23,3801,2023-07-22,1558,1194,TENDE,6,5,7,3801,0,0,0,,0,0J1,"7TH ST","MARKET ST",108.00,S,N,A,-,N,,,,,,,,,,N,3,0,1,2,A,-,17,22517,,N,B,G,A,A,H,-,A,D,0,,Y,,,Y,,A,07,0,1,0,0,0,0,0,0,0,"- ","- ",,,"SAN FRANCISCO","SAN FRANCISCO",-122.41224670410156,37.780269622802734
9603685,2023,2023-08-11,3801,2023-07-14,0815,1297,PARK,5,5,7,3801,0,0,0,,0,3F13A,"PAGE ST","CENTRAL AV",0.00,,Y,A,-,N,,,,,,,,,,N,3,0,1,2,A,-,17,22517,,N,E,G,A,A,H,-,A,D,0,,Y,,,Y,,A,01,0,1,0,0,0,0,1,0,0,"- ","- ",,,"SAN FRANCISCO","SAN FRANCISCO",-122.44383239746094,37.7713623046875
9603788,2023,2023-08-18,3801,2023-07-04,1133,1075,SOUTH,2,5,7,3801,0,0,0,,0,3B13A,"KING ST","2ND ST",25.00,E,N,A,-,N,,,,,,,,,,N,3,0,1,2,A,-,03,22350,,N,C,G,A,A,H,-,A,A,0,,Y,,,Y,,L,04,0,1,0,0,0,0,1,0,0,"- ","- ",,,"SAN FRANCISCO","SAN FRANCISCO",-122.38963317871094,37.780006408691406
9603799,2023,2023-08-17,3801,2023-07-25,1736,260,SOUTH,2,5,7,3801,0,0,0,,0,3B13D,"HOWARD ST","RUSS ST",0.00,,Y,A,-,N,,,,,,,,,,N,4,0,1,2,A,-,12,21453,A,N,D,G,A,A,H,-,A,A,0,,Y,,,Y,,L,04,0,0,1,0,0,0,1,0,0,"- ","- ",,,"SAN FRANCISCO","SAN FRANCISCO",-122.40824890136719,37.77886962890625
9603832,2023,2023-08-18,3801,2023-07-22,1528,2008,MISSI,6,5,7,3801,0,0,0,,0,3D15D,"VALENCIA ST","24TH ST",5.00,S,N,A,-,N,,,,,,,,,,N,4,0,1,2,A,-,00,21760,B,N,-,G,A,A,H,-,A,D,0,,Y,,,Y,,A,01,0,0,1,0,0,0,1,0,0,"- ","- ",,,"SAN FRANCISCO","SAN FRANCISCO",-122.42064666748047,37.752098083496094
9604478,2023,2023-08-11,3801,2023-07-10,1943,09968,PARK,1,5,7,3801,0,0,0,,0,3F00,"WALLER ST","KEZAR DR",69.00,S,N,B,-,N,,,,,,,,,,N,4,0,1,2,A,-,03,22350,,N,D,G,A,B,H,-,A,A,0,,Y,,,Y,,L,04,0,0,1,0,0,0,1,0,0,"- ","- ",,,"SAN FRANCISCO","SAN FRANCISCO",-122.45494079589844,37.768203735351562
9605304,2023,2024-01-19,3801,2023-11-30,1735,2392,MISSI,4,5,7,3801,0,0,0,,0,,"CESAR CHAVEZ","ALABAMA ST",0.00,,Y,A,-,N,,,,,,,,,,N,3,0,2,2,A,-,09,21801,A,N,A,G,A,A,H,-,C,A,0,,Y,,,Y,,A,07,0,2,0,0,0,0,2,0,0,"- ","- ",,,"SAN FRANCISCO","SAN FRANCISCO",-122.41054534912109,37.748374938964844
9607141,2023,2023-10-02,3801,2023-08-05,1904,4269,INGLE,6,5,7,3801,0,0,0,,0,3H76,"CAYUGA AV","MOUNT VERNON AV",0.00,,Y,A,-,N,,,,,,,,,,N,3,0,1,1,D,-,00,,,N,F,G,A,A,H,-,A,D,0,,Y,,,Y,,-,"- ",0,1,0,0,0,0,1,0,0,"- ","- ",,,"SAN FRANCISCO","SAN FRANCISCO",-122.44581604003906,37.717075347900391
9610655,2023,2023-09-28,3801,2023-08-06,0800,469,MISSI,7,5,7,3801,0,0,0,,0,32D2D,"VALENCIA ST","18TH ST",0.00,,Y,-,-,N,,,,,,,,,,N,4,0,1,2,A,-,08,22101,,N,D,-,A,-,-,-,-,A,0,,Y,,,Y,,-,,0,0,1,0,0,0,1,0,0,"- ","- ",,,"SAN FRANCISCO","SAN FRANCISCO",-122.42156219482422,37.761714935302734
9625587,2023,2023-10-16,3801,2023-08-24,1600,2401,SOUTH,4,5,7,3801,0,0,0,,0,3B13D,"AHERN WY","6TH ST",0.00,,Y,A,-,N,,,,,,,,,,N,3,0,1,2,A,-,08,22107,,N,D,G,A,A,H,-,A,D,0,,Y,,,Y,,A,01,0,1,0,0,0,0,1,0,0,"- ","- ",,,"SAN FRANCISCO","SAN FRANCISCO",-122.40335845947266,37.776744842529297
9626177,2023,2023-10-11,3801,2023-09-18,1734,260,SOUTH,1,5,7,3801,0,0,0,,0,3B12D,"EMBARCADERO SOUTH","HARRISON ST",122.00,S,N,A,-,N,,,,,,,,,,N,3,0,1,2,A,-,17,22517,,N,-,G,A,A,H,-,A,D,0,,Y,,,Y,,A,01,0,1,0,0,0,0,1,0,0,"- ","- ",,,"SAN FRANCISCO","SAN FRANCISCO",-122.38839721679688,37.789211273193359
9626230,2023,2023-10-11,3801,2023-09-24,1711,2231,SOUTH,7,5,7,3801,0,0,0,,0,3B12D,"4TH ST","FOLSOM ST",0.00,,Y,A,-,N,,,,,,,,,,N,4,0,1,2,A,-,17,21461,A,N,B,G,A,A,H,-,-,A,0,,Y,,,Y,,L,04,0,0,1,0,0,0,1,0,0,"- ","- ",,,"SAN FRANCISCO","SAN FRANCISCO",-122.40116119384766,37.782035827636719
9626234,2023,2023-10-11,3801,2023-09-23,1649,1825,SOUTH,6,5,7,3801,0,0,0,,0,3B14D,"VAN NESS AV","MARKET ST",0.00,,Y,A,-,N,,,,,,,,,,N,4,0,1,2,A,-,08,22107,,F,D,C,A,A,H,-,A,A,0,,Y,,,Y,Y,A,01,0,0,1,0,0,0,1,0,0,"- ","- ",,,"SAN FRANCISCO","SAN FRANCISCO",-122.41925811767578,37.775169372558594
9626291,2023,2023-10-13,3801,2023-09-25,2003,746,INGLE,1,5,7,3801,0,0,0,,0,,"OSHAUGHNESSY BL","PORTOLA AV",1030.00,S,N,A,-,N,,,,,,,,,,N,3,0,1,2,A,-,09,21661,,N,A,G,A,A,-,-,C,D,0,,Y,,,Y,,L,04,0,1,0,0,0,0,1,0,0,"- ","- ",,,"SAN FRANCISCO","SAN FRANCISCO",-122.44971466064453,37.743190765380859
9626403,2023,2023-10-13,3801,2023-08-30,0950,4305,NORTH,3,5,7,3801,0,0,0,,0,,"LAGUNA ST","MCALLISTER ST",0.00,,Y,A,-,N,,,,,,,,,,N,4,0,1,2,A,-,06,21750,,F,B,G,A,A,H,-,A,D,0,,Y,,,Y,Y,A,01,0,0,1,0,0,0,1,0,0,"- ","- ",,,"SAN FRANCISCO","SAN FRANCISCO",-122.42681884765625,37.779262542724609
9628940,2023,2023-10-19,3801,2023-07-31,1425,2228,CENTR,1,5,7,3801,0,0,0,,0,3A11D,"POLK ST","MCALLISTER ST",0.00,,Y,F,-,N,,,,,,,,,,N,3,0,1,2,D,-,00,,,N,D,G,A,-,G,-,A,A,0,,Y,Y,,Y,Y,-,"- ",0,1,0,0,0,0,1,0,0,"- ","- ",,,"SAN FRANCISCO","SAN FRANCISCO",-122.41860198974609,37.7802734375
9633687,2023,2023-11-21,3801,2023-10-19,2018,1660,SOUTH,4,5,7,3801,0,0,0,,0,3B5D,"HOWARD ST",SPEAR,0.00,,Y,A,-,N,,,,,,,,,,N,2,0,1,2,A,-,09,21801,A,N,D,G,A,A,H,-,C,A,0,,Y,,,Y,,A,01,1,0,0,0,0,0,1,0,0,"- ","- ",,,"SAN FRANCISCO","SAN FRANCISCO",-122.39254760742188,37.791324615478516
9633725,2023,2023-11-21,3801,2023-10-14,1600,1251,BAYVI,6,5,7,3801,0,0,0,,0,3C12D,"BARNEVELD AV","MCKINNON AV",0.00,,Y,A,-,N,,,,,,,,,,N,3,0,1,1,A,-,03,22350,,N,H,A,A,A,H,-,A,D,0,,Y,,,Y,,L,04,0,1,0,0,0,0,1,0,0,"- ","- ",,,"SAN FRANCISCO","SAN FRANCISCO",-122.40325927734375,37.743820190429688
9633749,2023,2023-11-21,3801,2023-10-13,1000,2728,TENDE,5,5,7,3801,0,0,0,,0,908,"ELLIS ST","LARKIN ST",121.00,W,N,A,-,N,,,,,,,,,,N,3,0,1,2,A,-,17,22517,,N,B,G,A,A,H,-,A,D,0,,Y,,,Y,,A,07,0,1,0,0,0,0,1,0,0,"- ","- ",,,"SAN FRANCISCO","SAN FRANCISCO",-122.41813659667969,37.784198760986328
9633843,2023,2023-11-17,3801,2023-10-21,1857,2704,MISSI,6,5,7,3801,0,0,0,,0,,"SOUTH VAN NESS AVE","13TH ST",0.00,,Y,A,-,N,,,,,,,,,,,3,0,1,2,A,-,08,22107,,F,D,G,A,A,H,-,C,A,0,,Y,,,Y,Y,A,01,0,1,0,0,0,0,1,0,0,"- ","- ",,,"SAN FRANCISCO","SAN FRANCISCO",-122.41777801513672,37.7696533203125
9633856,2023,2023-11-20,3801,2023-10-18,0815,899,NORTH,3,5,7,3801,0,0,0,,0,3E12A,"DIVISADERO ST","OFARRELL ST",12.00,S,N,A,-,N,,,,,,,,,,N,2,0,1,2,A,-,12,21453,A,N,D,G,A,A,H,-,A,A,0,,Y,,,Y,,L,04,1,0,0,0,0,0,1,0,0,"- ","- ",,,"SAN FRANCISCO","SAN FRANCISCO",-122.43929290771484,37.782398223876953
9634774,2023,2024-01-10,3801,2023-11-14,1655,905,MISSI,2,5,7,3801,0,0,0,,0,3D90B,"17TH ST","HOFF ST",0.00,,Y,A,-,N,,,,,,,,,,N,4,0,1,2,A,-,09,21801,,N,D,-,A,A,H,-,B,A,0,,Y,,,Y,,A,01,0,0,1,0,0,0,1,0,0,"- ","- ",,,"SAN FRANCISCO","SAN FRANCISCO",-122.42041778564453,37.763370513916016
9641867,2023,2024-01-23,3801,2023-11-03,1045,1337,NORTH,5,5,7,3801,0,0,0,,0,0E2,"DIVISADERO ST","GEARY BL",0.00,,Y,A,-,N,,,,,,,,,,N,2,0,1,2,A,-,03,22350,,N,C,G,A,A,H,-,A,A,0,,Y,,,Y,,A,01,1,0,0,0,0,0,1,0,0,"- ","- ",,,"SAN FRANCISCO","SAN FRANCISCO",-122.43947601318359,37.783359527587891
9646222,2023,2024-01-17,3801,2023-11-11,1805,196,CENTR,6,5,7,3801,0,0,0,,0,3A14D,"NORTH POINT ST","GRANT ST",0.00,,N,A,-,N,,,,,,,,,,N,4,0,1,2,A,-,08,22107,,N,D,G,A,A,H,-,C,D,0,,Y,,,Y,,A,01,0,0,1,0,0,0,1,0,0,"- ","- ",,,"SAN FRANCISCO","SAN FRANCISCO",-122.40888214111328,37.807182312011719
9650271,2023,2024-02-13,3801,2023-12-04,2020,19,BAYVI,1,5,7,3801,0,0,0,,0,901,"3RD ST","UNDERWOOD AV",0.00,,Y,A,-,N,,,,,,,,,,N,2,0,1,1,C,-,18,,,N,H,A,A,A,H,-,C,A,0,,Y,,,Y,,-,"- ",1,0,0,0,0,0,1,0,0,"- ","- ",,,"SAN FRANCISCO","SAN FRANCISCO",-122.39244842529297,37.730060577392578
9650298,2023,2024-02-05,3801,2023-12-01,1837,1337,NORTH,5,5,7,3801,0,0,0,,0,0E1,"LAGUNA ST","LINDEN ST",48.00,S,N,A,-,N,,,,,,,,,,N,4,0,1,2,A,-,17,22517,,N,E,G,A,A,H,-,C,D,0,,Y,,,Y,,A,07,0,0,1,0,0,0,1,0,0,"- ","- ",,,"SAN FRANCISCO","SAN FRANCISCO",-122.4261474609375,37.77587890625
9650299,2023,2024-02-05,3801,2023-12-04,0002,1565,SOUTH,1,5,7,3801,0,0,0,,0,3B12E,"BRANNAN ST","ZOE ST",55.00,W,N,A,-,N,,,,,,,,,,N,2,0,1,2,A,-,05,21650,1,N,A,G,A,A,H,-,C,D,0,,Y,,,Y,,L,04,1,0,0,0,0,0,1,0,0,"- ","- ",,,"SAN FRANCISCO","SAN FRANCISCO",-122.39546966552734,37.779190063476562
9650309,2023,2024-02-23,3801,2023-12-01,1803,2407,MISSI,5,5,7,3801,0,0,0,,0,3D14D,"HARRISON ST","24TH ST",0.00,,Y,A,-,N,,,,,,,,,,N,4,0,1,2,A,-,09,21801,A,N,D,G,A,-,H,-,C,A,0,,Y,,,Y,,L,04,0,0,1,0,0,0,1,0,0,"- ","- ",,,"SAN FRANCISCO","SAN FRANCISCO",-122.41188812255859,37.752651214599609
9650467,2023,2024-02-15,3801,2023-12-09,2025,2118,SOUTH,6,5,7,3801,0,0,0,,0,3B14D,"SOUTH VAN NESS AV","MISSION ST",0.00,,Y,A,-,N,,,,,,,,,,N,3,0,1,2,A,-,12,21453,A,N,D,G,A,A,H,-,C,A,0,,Y,,,Y,,L,04,0,1,0,0,0,0,1,0,0,"- ","- ",,,"SAN FRANCISCO","SAN FRANCISCO",-122.41863250732422,37.773109436035156
9650479,2023,2024-02-15,3801,2023-12-05,1956,2733,TARAV,2,5,7,3801,0,0,0,,0,015,"SKYLINE BL","JOHN MUIR DR",30.00,N,N,A,-,N,,,,,,,,,,N,3,0,1,1,D,-,00,,,N,F,I,A,A,H,-,C,A,0,,Y,,,Y,,-,"- ",0,1,0,0,0,0,1,0,0,"- ","- ",,,"SAN FRANCISCO","SAN FRANCISCO",-122.50016021728516,37.719032287597656
9655145,2023,2024-02-12,3801,2023-12-12,2008,1160,SOUTH,2,5,7,3801,0,0,0,,0,0B3,"MISSION ST","8TH ST",375.00,E,N,A,-,N,,,,,,,,,,,4,0,1,2,D,-,00,,,N,-,G,A,A,H,-,C,D,0,,Y,,,Y,,-,"- ",0,0,1,0,0,0,1,0,0,"- ","- ",,,"SAN FRANCISCO","SAN FRANCISCO",-122.41223907470703,37.778182983398438
9658027,2023,2024-02-14,3801,2023-12-26,1905,1414,MISSI,2,5,7,3801,0,0,0,,0,3D16D,"SOUTH VAN NESS AV","18TH ST",0.00,,Y,A,-,N,,,,,,,,,,N,4,0,1,2,A,-,09,21801,A,F,D,G,A,A,H,-,C,A,0,,Y,,,Y,Y,D,22,0,0,1,0,0,0,1,0,0,"- ","- ",,,"SAN FRANCISCO","SAN FRANCISCO",-122.41719818115234,37.761947631835938
9659717,2024,2024-03-22,3801,2024-01-17,1020,1771,MISSI,3,5,7,3801,0,0,0,,0,3D00,"MARKET ST","SANCHEZ ST",0.00,,Y,A,-,N,,,,,,,,,,N,4,0,1,2,A,-,08,22107,,N,D,G,A,A,H,-,A,A,0,,Y,,,Y,,A,01,0,0,1,0,0,0,1,0,0,"- ","- ",,,"SAN FRANCISCO","SAN FRANCISCO",-122.43100738525391,37.765979766845703
9664995,2024,2024-07-09,3801,2024-02-16,1530,711,CENTR,5,5,7,3801,0,0,0,,0,3A40C,"JEFFERSON ST","JONES ST",0.00,,Y,A,-,N,,,,,,,,,,N,4,0,1,3,A,-,17,22517,,N,B,G,A,A,H,-,A,A,0,,Y,,,Y,,A,01,0,0,1,0,0,0,1,0,0,"- ","- ",,,"SAN FRANCISCO","SAN FRANCISCO",-122.41741943359375,37.808010101318359
9668453,2024,2024-05-01,3801,2024-02-08,0832,2124,MISSI,4,5,7,3801,0,0,0,,0,3D13A,"HARRISON ST","23RD ST",0.00,,Y,A,-,N,,,,,,,,,,N,3,0,1,2,A,-,09,21800,A,N,D,G,A,A,H,-,A,D,0,,Y,,,Y,,A,01,0,1,0,0,0,0,1,0,0,"- ","- ",,,"SAN FRANCISCO","SAN FRANCISCO",-122.41210174560547,37.754245758056641
9668504,2024,2024-03-19,3801,2024-01-29,1923,364,SOUTH,1,5,7,3801,0,0,0,,0,3B14D,"9TH ST","MINNA ST",0.00,,Y,A,-,N,,,,,,,,,,N,4,0,1,2,A,-,07,21658,A,N,D,G,A,A,H,-,C,D,0,,Y,,,Y,,L,04,0,0,1,0,0,0,1,0,0,"- ","- ",,,"SAN FRANCISCO","SAN FRANCISCO",-122.41416931152344,37.775798797607422
9670616,2024,2024-03-18,3801,2024-01-13,1100,905,MISSI,6,5,7,3801,0,0,0,,0,3D2C,"BRYANT ST","15TH ST",60.00,W,N,A,-,N,,,,,,,,,,N,3,0,1,2,A,-,08,22107,,N,G,G,A,A,H,-,A,D,0,,Y,,,Y,,-,,0,1,0,0,0,0,1,0,0,"- ","- ",,,"SAN FRANCISCO","SAN FRANCISCO",-122.41062164306641,37.766899108886719
9676925,2024,2024-05-28,3801,2024-04-27,0810,1203,MISSI,6,5,7,3801,0,0,0,,0,3D15A,"17TH ST","CHURCH ST",9.00,W,N,A,-,N,,,,,,,,,,N,2,0,1,2,A,-,03,22350,,N,H,I,A,A,H,-,A,A,0,,Y,,,Y,,L,04,1,0,0,0,0,0,1,0,0,"- ","- ",,,"SAN FRANCISCO","SAN FRANCISCO",-122.42854309082031,37.76287841796875
9676931,2024,2024-05-28,3801,2024-04-21,0010,1622,NORTH,7,5,7,3801,0,0,0,,0,3E12E,"DIVISADERO ST","MCALLISTER ST",0.00,,Y,A,-,N,,,,,,,,,,N,3,0,1,2,A,-,12,21453,A,N,D,G,A,A,H,-,C,A,0,,Y,,,Y,,L,04,0,1,0,0,0,0,1,0,0,"- ","- ",,,"SAN FRANCISCO","SAN FRANCISCO",-122.4383544921875,37.777786254882812
9676942,2024,2024-06-03,3801,2024-04-08,1428,4333,NORTH,1,5,7,3801,0,0,0,,0,3E15A,"GREENWICH ST","BUCHANAN ST",60.00,W,N,A,-,N,,,,,,,,,,,4,0,1,2,A,-,17,22517,,N,H,G,A,A,H,-,A,D,0,,Y,,,Y,,A,07,0,0,1,0,0,0,1,0,0,"- ","- ",,,"SAN FRANCISCO","SAN FRANCISCO",-122.43278503417969,37.799346923828125
9676989,2024,2024-07-31,3801,2024-04-17,1800,1052,RICHM,3,5,7,3801,0,0,0,,0,3G1D,"JOHN F KENNEDY DR","LINDLEY MEADOW",40.00,E,N,A,-,N,,,,,,,,,,N,3,0,1,2,A,-,08,22107,,N,C,G,A,A,H,-,A,D,0,,Y,,,Y,,L,04,0,1,0,0,0,0,1,0,0,"- ","- ",,,"SAN FRANCISCO","SAN FRANCISCO",,
9677038,2024,2024-05-29,3801,2024-04-28,1605,2038,PARK,7,5,7,3801,0,0,0,,0,3F13D,"HAIGHT ST","ASHUBRY ST",63.00,W,N,A,-,N,,,,,,,,,,N,3,0,1,2,A,-,06,21751,,N,A,C,A,A,H,-,A,D,0,,Y,Y,,Y,,L,04,0,1,0,0,0,0,1,0,0,"- ","- ",,,"SAN FRANCISCO","SAN FRANCISCO",-122.44713592529297,37.769973754882812
9677039,2024,2024-05-29,3801,2024-04-27,2300,2354,TARAV,6,5,7,3801,0,0,0,,0,"3 CAR","38TH AV","VICENTE ST",0.00,,Y,A,-,N,,,,,,,,,,N,3,0,1,2,A,-,09,21801,,N,D,G,A,A,H,-,C,A,0,,Y,,,Y,,A,07,0,1,0,0,0,0,1,0,0,"- ","- ",,,"SAN FRANCISCO","SAN FRANCISCO",-122.49578094482422,37.738430023193359
9677048,2024,2024-05-31,3801,2024-04-08,0625,2202,INGLE,1,5,7,3801,0,0,0,,0,3H12A,"MONTEREY BL","BADEN ST",0.00,,Y,-,-,N,,,,,,,,,,N,3,0,1,2,A,-,12,22450,A,N,D,G,A,A,H,-,A,D,0,,Y,,,Y,,L,04,0,1,0,0,0,0,1,0,0,"- ","- ",,,"SAN FRANCISCO","SAN FRANCISCO",-122.43972778320312,37.731609344482422
9690967,2024,2024-07-02,3801,2024-03-04,0755,428,CENTR,1,5,7,3801,0,0,0,,0,05A,"2ND ST","STEVENSON ST",0.00,,Y,B,-,N,,,,,,,,,,N,4,0,1,2,A,-,09,21802,A,F,D,G,A,B,-,-,A,-,0,,Y,,,Y,,A,01,0,0,1,0,0,0,1,0,0,"- ","- ",,,"SAN FRANCISCO","SAN FRANCISCO",-122.40084075927734,37.788803100585938
9691054,2024,2024-05-28,3801,2024-03-05,1425,528,NORTH,2,5,7,3801,0,0,0,,0,,"POLK ST","SACRAMENTO ST",0.00,,Y,B,-,N,,,,,,,,,,N,4,0,1,2,A,-,21,22106,,N,G,G,A,A,H,-,A,D,0,,Y,,,Y,,A,01,0,0,1,0,0,0,1,0,0,"- ","- ",,,"SAN FRANCISCO","SAN FRANCISCO",-122.42086791992188,37.79150390625
9691156,2024,2024-04-19,3801,2024-02-28,1300,189,NORTH,3,5,7,3801,0,0,0,,0,001,"VAN NESS AV","HAYES ST",0.00,,Y,A,-,N,,,,,,,,,,N,4,0,1,2,A,-,03,22350,,N,B,G,A,A,H,-,A,A,0,,Y,,,Y,,L,04,0,0,1,0,0,0,1,0,0,"- ","- ",,,"SAN FRANCISCO","SAN FRANCISCO",-122.419677734375,37.777294158935547
9703962,2024,2024-07-01,3801,2024-05-27,1710,2107,NORTH,1,5,7,3801,0,0,0,,0,03E,"CHESTNUT ST","VAN NESS AV",0.00,,Y,A,-,N,,,,,,,,,,N,4,0,1,2,A,-,09,21801,A,N,D,G,A,A,H,-,A,A,0,,Y,,,Y,,A,01,0,0,1,0,0,0,1,0,0,"- ","- ",,,"SAN FRANCISCO","SAN FRANCISCO",-122.42478179931641,37.802257537841797
9703965,2024,2024-07-01,3801,2024-05-23,1631,2229,MISSI,4,5,7,3801,0,0,0,,0,3D11D,"MARKET ST","DUBOCE AV",0.00,,Y,A,-,N,,,,,,,,,,N,4,0,1,1,A,-,03,22350,,N,H,A,A,A,H,-,A,A,0,,Y,,,Y,,L,04,0,0,1,0,0,0,1,0,0,"- ","- ",,,"SAN FRANCISCO","SAN FRANCISCO",-122.42639923095703,37.769634246826172
9705238,2024,2024-06-28,3801,2024-04-17,1745,186,TRAFF,3,5,7,3801,0,0,0,,0,4B103,"PRECITA AV","FOLSOM ST",0.00,,Y,A,-,N,,,,,,,,,,N,3,0,1,2,A,-,12,21453,A,N,D,G,A,A,H,-,A,A,0,,Y,,,Y,Y,L,04,0,1,0,0,0,0,1,0,0,"- ","- ",,,"SAN FRANCISCO","SAN FRANCISCO",-122.41358184814453,37.747188568115234
9708153,2024,2024-08-08,3801,2024-06-11,2119,1750,NORTH,2,5,7,3801,0,0,0,,0,0E5,"RICHARDSON ST","LYON ST",0.00,,Y,A,-,Y,SF,4,101,-,-,8.050,I,5,N,N,2,0,1,2,A,-,12,21453,A,N,D,G,A,A,H,-,C,A,0,,Y,,,Y,,L,04,1,0,0,0,0,0,1,0,0,"- ","- ",,,"SAN FRANCISCO","SAN FRANCISCO",-122.44791412353516,37.800971984863281
9708213,2024,2024-08-07,3801,2024-06-02,1619,4178,TRAFF,7,5,7,3801,0,0,0,,0,4B3A,"14TH ST","GUERRERO ST",0.00,,Y,A,-,N,,,,,,,,,,N,2,0,2,2,A,-,12,21453,A,N,D,G,A,A,H,-,A,A,0,,Y,,,Y,,L,04,1,0,1,0,0,0,1,0,0,"- ","- ",,,"SAN FRANCISCO","SAN FRANCISCO",-122.42440795898438,37.768024444580078
9728944,2024,2024-08-30,3801,2024-06-28,1925,1452,MISSI,5,5,7,3801,0,0,0,,0,3D15D,"VALENCIA ST","SYCAMORE ST",0.00,,Y,A,-,N,,,,,,,,,,N,3,0,1,2,A,-,08,22101,D,N,D,G,A,A,H,-,B,D,0,,Y,,,Y,,A,01,0,1,0,0,0,0,1,0,0,"- ","- ",,,"SAN FRANCISCO","SAN FRANCISCO",-122.42164611816406,37.762550354003906